<?xml version="1.0" encoding="utf-8"?>
<!DOCTYPE Map[]>
<Map srs="+proj=merc +a=6378137 +b=6378137 +lat_ts=0.0 +lon_0=0.0 +x_0=0.0 +y_0=0.0 +k=1.0 +units=m +nadgrids=@null +wktext +no_defs +over" background-color="#ffffff">

<Parameters>
  <Parameter name="bounds">-180,-85.0511,180,85.0511</Parameter>
  <Parameter name="center">28.4766,46.9203,2</Parameter>
  <Parameter name="format">png8:m=h</Parameter>
  <Parameter name="maxzoom">16</Parameter>
  <Parameter name="minzoom">0</Parameter>
  <Parameter name="source"><![CDATA[mapbox:///allanw3.f9f2a2b4,mapbox.mapbox-terrain-v2,mapbox.mapbox-streets-v5]]></Parameter>
</Parameters>


<Style name="my_running_routes_tracks" filter-mode="first">
  <Rule>
    <LineSymbolizer stroke-width="1" stroke="rgba(119, 170, 187, 0.5)" />
  </Rule>
</Style>
<Layer name="my_running_routes_tracks"
  srs="+proj=merc +a=6378137 +b=6378137 +lat_ts=0.0 +lon_0=0.0 +x_0=0.0 +y_0=0.0 +k=1.0 +units=m +nadgrids=@null +wktext +no_defs +over">
    <StyleName>my_running_routes_tracks</StyleName>  </Layer>

<Style name="landcover" filter-mode="first">
  <Rule>
    <LineSymbolizer stroke-width="1" stroke="rgba(238, 102, 68, 0.5)" />
  </Rule>
</Style>
<Layer name="landcover"
  srs="+proj=merc +a=6378137 +b=6378137 +lat_ts=0.0 +lon_0=0.0 +x_0=0.0 +y_0=0.0 +k=1.0 +units=m +nadgrids=@null +wktext +no_defs +over">
    <StyleName>landcover</StyleName>  </Layer>

<Style name="hillshade" filter-mode="first">
  <Rule>
    <LineSymbolizer stroke-width="1" stroke="rgba(204, 255, 238, 0.5)" />
  </Rule>
</Style>
<Layer name="hillshade"
  srs="+proj=merc +a=6378137 +b=6378137 +lat_ts=0.0 +lon_0=0.0 +x_0=0.0 +y_0=0.0 +k=1.0 +units=m +nadgrids=@null +wktext +no_defs +over">
    <StyleName>hillshade</StyleName>  </Layer>

<Style name="contour" filter-mode="first">
  <Rule>
    <LineSymbolizer stroke-width="1" stroke="rgba(153, 68, 187, 0.5)" />
  </Rule>
</Style>
<Layer name="contour"
  srs="+proj=merc +a=6378137 +b=6378137 +lat_ts=0.0 +lon_0=0.0 +x_0=0.0 +y_0=0.0 +k=1.0 +units=m +nadgrids=@null +wktext +no_defs +over">
    <StyleName>contour</StyleName>  </Layer>

<Style name="landuse" filter-mode="first">
  <Rule>
    <LineSymbolizer stroke-width="1" stroke="rgba(85, 153, 255, 0.5)" />
  </Rule>
</Style>
<Layer name="landuse"
  srs="+proj=merc +a=6378137 +b=6378137 +lat_ts=0.0 +lon_0=0.0 +x_0=0.0 +y_0=0.0 +k=1.0 +units=m +nadgrids=@null +wktext +no_defs +over">
    <StyleName>landuse</StyleName>  </Layer>

<Style name="waterway" filter-mode="first">
  <Rule>
    <LineSymbolizer stroke-width="1" stroke="rgba(136, 102, 68, 0.5)" />
  </Rule>
</Style>
<Layer name="waterway"
  srs="+proj=merc +a=6378137 +b=6378137 +lat_ts=0.0 +lon_0=0.0 +x_0=0.0 +y_0=0.0 +k=1.0 +units=m +nadgrids=@null +wktext +no_defs +over">
    <StyleName>waterway</StyleName>  </Layer>

<Style name="water" filter-mode="first">
  <Rule>
    <LineSymbolizer stroke-width="1" stroke="rgba(136, 170, 238, 0.5)" />
  </Rule>
</Style>
<Layer name="water"
  srs="+proj=merc +a=6378137 +b=6378137 +lat_ts=0.0 +lon_0=0.0 +x_0=0.0 +y_0=0.0 +k=1.0 +units=m +nadgrids=@null +wktext +no_defs +over">
    <StyleName>water</StyleName>  </Layer>

<Style name="aeroway" filter-mode="first">
  <Rule>
    <LineSymbolizer stroke-width="1" stroke="rgba(221, 85, 204, 0.5)" />
  </Rule>
</Style>
<Layer name="aeroway"
  srs="+proj=merc +a=6378137 +b=6378137 +lat_ts=0.0 +lon_0=0.0 +x_0=0.0 +y_0=0.0 +k=1.0 +units=m +nadgrids=@null +wktext +no_defs +over">
    <StyleName>aeroway</StyleName>  </Layer>

<Style name="barrier_line" filter-mode="first">
  <Rule>
    <LineSymbolizer stroke-width="1" stroke="rgba(119, 170, 238, 0.5)" />
  </Rule>
</Style>
<Layer name="barrier_line"
  srs="+proj=merc +a=6378137 +b=6378137 +lat_ts=0.0 +lon_0=0.0 +x_0=0.0 +y_0=0.0 +k=1.0 +units=m +nadgrids=@null +wktext +no_defs +over">
    <StyleName>barrier_line</StyleName>  </Layer>

<Style name="building" filter-mode="first">
  <Rule>
    <LineSymbolizer stroke-width="1" stroke="rgba(204, 221, 102, 0.5)" />
  </Rule>
</Style>
<Layer name="building"
  srs="+proj=merc +a=6378137 +b=6378137 +lat_ts=0.0 +lon_0=0.0 +x_0=0.0 +y_0=0.0 +k=1.0 +units=m +nadgrids=@null +wktext +no_defs +over">
    <StyleName>building</StyleName>  </Layer>

<Style name="landuse_overlay" filter-mode="first">
  <Rule>
    <LineSymbolizer stroke-width="1" stroke="rgba(153, 187, 119, 0.5)" />
  </Rule>
</Style>
<Layer name="landuse_overlay"
  srs="+proj=merc +a=6378137 +b=6378137 +lat_ts=0.0 +lon_0=0.0 +x_0=0.0 +y_0=0.0 +k=1.0 +units=m +nadgrids=@null +wktext +no_defs +over">
    <StyleName>landuse_overlay</StyleName>  </Layer>

<Style name="tunnel" filter-mode="first">
  <Rule>
    <LineSymbolizer stroke-width="1" stroke="rgba(102, 68, 238, 0.5)" />
  </Rule>
</Style>
<Layer name="tunnel"
  srs="+proj=merc +a=6378137 +b=6378137 +lat_ts=0.0 +lon_0=0.0 +x_0=0.0 +y_0=0.0 +k=1.0 +units=m +nadgrids=@null +wktext +no_defs +over">
    <StyleName>tunnel</StyleName>  </Layer>

<Style name="road" filter-mode="first">
  <Rule>
    <LineSymbolizer stroke-width="1" stroke="rgba(187, 136, 68, 0.5)" />
  </Rule>
</Style>
<Layer name="road"
  srs="+proj=merc +a=6378137 +b=6378137 +lat_ts=0.0 +lon_0=0.0 +x_0=0.0 +y_0=0.0 +k=1.0 +units=m +nadgrids=@null +wktext +no_defs +over">
    <StyleName>road</StyleName>  </Layer>

<Style name="bridge" filter-mode="first">
  <Rule>
    <LineSymbolizer stroke-width="1" stroke="rgba(204, 153, 153, 0.5)" />
  </Rule>
</Style>
<Layer name="bridge"
  srs="+proj=merc +a=6378137 +b=6378137 +lat_ts=0.0 +lon_0=0.0 +x_0=0.0 +y_0=0.0 +k=1.0 +units=m +nadgrids=@null +wktext +no_defs +over">
    <StyleName>bridge</StyleName>  </Layer>

<Style name="admin" filter-mode="first">
  <Rule>
    <LineSymbolizer stroke-width="1" stroke="rgba(85, 153, 255, 0.5)" />
  </Rule>
</Style>
<Layer name="admin"
  srs="+proj=merc +a=6378137 +b=6378137 +lat_ts=0.0 +lon_0=0.0 +x_0=0.0 +y_0=0.0 +k=1.0 +units=m +nadgrids=@null +wktext +no_defs +over">
    <StyleName>admin</StyleName>  </Layer>

<Style name="country_label_line" filter-mode="first">
  <Rule>
    <LineSymbolizer stroke-width="1" stroke="rgba(85, 136, 204, 0.5)" />
  </Rule>
</Style>
<Layer name="country_label_line"
  srs="+proj=merc +a=6378137 +b=6378137 +lat_ts=0.0 +lon_0=0.0 +x_0=0.0 +y_0=0.0 +k=1.0 +units=m +nadgrids=@null +wktext +no_defs +over">
    <StyleName>country_label_line</StyleName>  </Layer>

<Style name="country_label" filter-mode="first">
  <Rule>
    <LineSymbolizer stroke-width="1" stroke="rgba(102, 136, 221, 0.5)" />
  </Rule>
</Style>
<Layer name="country_label"
  srs="+proj=merc +a=6378137 +b=6378137 +lat_ts=0.0 +lon_0=0.0 +x_0=0.0 +y_0=0.0 +k=1.0 +units=m +nadgrids=@null +wktext +no_defs +over">
    <StyleName>country_label</StyleName>  </Layer>

<Style name="marine_label" filter-mode="first">
  <Rule>
    <LineSymbolizer stroke-width="1" stroke="rgba(255, 221, 187, 0.5)" />
  </Rule>
</Style>
<Layer name="marine_label"
  srs="+proj=merc +a=6378137 +b=6378137 +lat_ts=0.0 +lon_0=0.0 +x_0=0.0 +y_0=0.0 +k=1.0 +units=m +nadgrids=@null +wktext +no_defs +over">
    <StyleName>marine_label</StyleName>  </Layer>

<Style name="state_label" filter-mode="first">
  <Rule>
    <LineSymbolizer stroke-width="1" stroke="rgba(119, 255, 102, 0.5)" />
  </Rule>
</Style>
<Layer name="state_label"
  srs="+proj=merc +a=6378137 +b=6378137 +lat_ts=0.0 +lon_0=0.0 +x_0=0.0 +y_0=0.0 +k=1.0 +units=m +nadgrids=@null +wktext +no_defs +over">
    <StyleName>state_label</StyleName>  </Layer>

<Style name="place_label" filter-mode="first">
  <Rule>
    <LineSymbolizer stroke-width="1" stroke="rgba(136, 68, 238, 0.5)" />
  </Rule>
</Style>
<Layer name="place_label"
  srs="+proj=merc +a=6378137 +b=6378137 +lat_ts=0.0 +lon_0=0.0 +x_0=0.0 +y_0=0.0 +k=1.0 +units=m +nadgrids=@null +wktext +no_defs +over">
    <StyleName>place_label</StyleName>  </Layer>

<Style name="water_label" filter-mode="first">
  <Rule>
    <LineSymbolizer stroke-width="1" stroke="rgba(136, 68, 170, 0.5)" />
  </Rule>
</Style>
<Layer name="water_label"
  srs="+proj=merc +a=6378137 +b=6378137 +lat_ts=0.0 +lon_0=0.0 +x_0=0.0 +y_0=0.0 +k=1.0 +units=m +nadgrids=@null +wktext +no_defs +over">
    <StyleName>water_label</StyleName>  </Layer>

<Style name="poi_label" filter-mode="first">
  <Rule>
    <LineSymbolizer stroke-width="1" stroke="rgba(85, 255, 221, 0.5)" />
  </Rule>
</Style>
<Layer name="poi_label"
  srs="+proj=merc +a=6378137 +b=6378137 +lat_ts=0.0 +lon_0=0.0 +x_0=0.0 +y_0=0.0 +k=1.0 +units=m +nadgrids=@null +wktext +no_defs +over">
    <StyleName>poi_label</StyleName>  </Layer>

<Style name="road_label" filter-mode="first">
  <Rule>
    <LineSymbolizer stroke-width="1" stroke="rgba(136, 170, 255, 0.5)" />
  </Rule>
</Style>
<Layer name="road_label"
  srs="+proj=merc +a=6378137 +b=6378137 +lat_ts=0.0 +lon_0=0.0 +x_0=0.0 +y_0=0.0 +k=1.0 +units=m +nadgrids=@null +wktext +no_defs +over">
    <StyleName>road_label</StyleName>  </Layer>

<Style name="waterway_label" filter-mode="first">
  <Rule>
    <LineSymbolizer stroke-width="1" stroke="rgba(68, 204, 170, 0.5)" />
  </Rule>
</Style>
<Layer name="waterway_label"
  srs="+proj=merc +a=6378137 +b=6378137 +lat_ts=0.0 +lon_0=0.0 +x_0=0.0 +y_0=0.0 +k=1.0 +units=m +nadgrids=@null +wktext +no_defs +over">
    <StyleName>waterway_label</StyleName>  </Layer>

<Style name="housenum_label" filter-mode="first">
  <Rule>
    <LineSymbolizer stroke-width="1" stroke="rgba(102, 238, 102, 0.5)" />
  </Rule>
</Style>
<Layer name="housenum_label"
  srs="+proj=merc +a=6378137 +b=6378137 +lat_ts=0.0 +lon_0=0.0 +x_0=0.0 +y_0=0.0 +k=1.0 +units=m +nadgrids=@null +wktext +no_defs +over">
    <StyleName>housenum_label</StyleName>  </Layer>

</Map>