<?xml version="1.0" encoding="utf-8"?>
<!DOCTYPE Map[]>
<Map srs="+proj=merc +a=6378137 +b=6378137 +lat_ts=0.0 +lon_0=0.0 +x_0=0.0 +y_0=0.0 +k=1.0 +units=m +nadgrids=@null +wktext +no_defs +over">

<Parameters>
  <Parameter name="center">-0.1254,51.5464,13</Parameter>
  <Parameter name="format">pbf</Parameter>
  <Parameter name="json"><![CDATA[{"vector_layers":[{"id":"mycamden_new_tracks","description":"","fields":{"name":"String","cmt":"String","desc":"String","src":"String","link1_href":"String","link1_text":"String","link1_type":"String","link2_href":"String","link2_text":"String","link2_type":"String","number":"Number","type":"String"}}]}]]></Parameter>
  <Parameter name="maxzoom">16</Parameter>
  <Parameter name="minzoom">13</Parameter>
</Parameters>


<Layer name="mycamden_new_tracks"
  buffer-size="8"
  srs="+init=epsg:4326">
    
    <Datasource>
       <Parameter name="file"><![CDATA[/Users/allanw/Downloads/mycamden_new.gpx]]></Parameter>
       <Parameter name="layer"><![CDATA[tracks]]></Parameter>
       <Parameter name="type"><![CDATA[ogr]]></Parameter>
    </Datasource>
  </Layer>

</Map>