<?xml version="1.0" encoding="utf-8"?>
<!DOCTYPE Map[]>
<Map srs="+proj=merc +a=6378137 +b=6378137 +lat_ts=0.0 +lon_0=0.0 +x_0=0.0 +y_0=0.0 +k=1.0 +units=m +nadgrids=@null +wktext +no_defs +over" background-color="#ffffff">

<Parameters>
  <Parameter name="bounds">-180,-85.0511,180,85.0511</Parameter>
  <Parameter name="center">-0.1302,51.5382,15</Parameter>
  <Parameter name="format">png8:m=h</Parameter>
  <Parameter name="maxzoom">16</Parameter>
  <Parameter name="minzoom">0</Parameter>
  <Parameter name="source"><![CDATA[mapbox:///mapbox.mapbox-streets-v5,allanw.3b5c8740]]></Parameter>
</Parameters>


<Layer name="landuse"
  srs="+proj=merc +a=6378137 +b=6378137 +lat_ts=0.0 +lon_0=0.0 +x_0=0.0 +y_0=0.0 +k=1.0 +units=m +nadgrids=@null +wktext +no_defs +over">
      </Layer>

<Style name="waterway" filter-mode="first">
  <Rule>
    <MaxScaleDenominator>2500</MaxScaleDenominator>
    <Filter>([type] = 'stream')</Filter>
    <LineSymbolizer stroke-width="3" stroke="#c3e6ff" />
  </Rule>
  <Rule>
    <MaxScaleDenominator>12500</MaxScaleDenominator>
    <MinScaleDenominator>2500</MinScaleDenominator>
    <Filter>([type] = 'stream')</Filter>
    <LineSymbolizer stroke-width="2" stroke="#c3e6ff" />
  </Rule>
  <Rule>
    <MaxScaleDenominator>50000</MaxScaleDenominator>
    <MinScaleDenominator>12500</MinScaleDenominator>
    <Filter>([type] = 'stream')</Filter>
    <LineSymbolizer stroke-width="1" stroke="#c3e6ff" />
  </Rule>
  <Rule>
    <MinScaleDenominator>50000</MinScaleDenominator>
    <Filter>([type] = 'stream')</Filter>
    <LineSymbolizer stroke="#c3e6ff" stroke-width="0.5" />
  </Rule>
  <Rule>
    <MaxScaleDenominator>12500</MaxScaleDenominator>
    <Filter>([type] = 'river')</Filter>
    <LineSymbolizer stroke-width="3" stroke="#c3e6ff" />
  </Rule>
  <Rule>
    <MaxScaleDenominator>50000</MaxScaleDenominator>
    <MinScaleDenominator>12500</MinScaleDenominator>
    <Filter>([type] = 'river')</Filter>
    <LineSymbolizer stroke-width="2" stroke="#c3e6ff" />
  </Rule>
  <Rule>
    <MaxScaleDenominator>200000</MaxScaleDenominator>
    <MinScaleDenominator>50000</MinScaleDenominator>
    <Filter>([type] = 'river')</Filter>
    <LineSymbolizer stroke-width="1" stroke="#c3e6ff" />
  </Rule>
  <Rule>
    <MinScaleDenominator>200000</MinScaleDenominator>
    <Filter>([type] = 'river')</Filter>
    <LineSymbolizer stroke="#c3e6ff" stroke-width="0.5" />
  </Rule>
  <Rule>
    <MaxScaleDenominator>12500</MaxScaleDenominator>
    <Filter>([type] = 'canal')</Filter>
    <LineSymbolizer stroke-width="3" stroke="#c3e6ff" />
  </Rule>
  <Rule>
    <MaxScaleDenominator>50000</MaxScaleDenominator>
    <MinScaleDenominator>12500</MinScaleDenominator>
    <Filter>([type] = 'canal')</Filter>
    <LineSymbolizer stroke-width="2" stroke="#c3e6ff" />
  </Rule>
  <Rule>
    <MaxScaleDenominator>200000</MaxScaleDenominator>
    <MinScaleDenominator>50000</MinScaleDenominator>
    <Filter>([type] = 'canal')</Filter>
    <LineSymbolizer stroke-width="1" stroke="#c3e6ff" />
  </Rule>
  <Rule>
    <MinScaleDenominator>200000</MinScaleDenominator>
    <Filter>([type] = 'canal')</Filter>
    <LineSymbolizer stroke="#c3e6ff" stroke-width="0.5" />
  </Rule>
</Style>
<Layer name="waterway"
  srs="+proj=merc +a=6378137 +b=6378137 +lat_ts=0.0 +lon_0=0.0 +x_0=0.0 +y_0=0.0 +k=1.0 +units=m +nadgrids=@null +wktext +no_defs +over">
    <StyleName>waterway</StyleName>  </Layer>

<Style name="water" filter-mode="first">
  <Rule>
    <PolygonSymbolizer fill="#c3e6ff" gamma="0.6" />
  </Rule>
</Style>
<Layer name="water"
  srs="+proj=merc +a=6378137 +b=6378137 +lat_ts=0.0 +lon_0=0.0 +x_0=0.0 +y_0=0.0 +k=1.0 +units=m +nadgrids=@null +wktext +no_defs +over">
    <StyleName>water</StyleName>  </Layer>

<Layer name="aeroway"
  srs="+proj=merc +a=6378137 +b=6378137 +lat_ts=0.0 +lon_0=0.0 +x_0=0.0 +y_0=0.0 +k=1.0 +units=m +nadgrids=@null +wktext +no_defs +over">
      </Layer>

<Layer name="barrier_line"
  srs="+proj=merc +a=6378137 +b=6378137 +lat_ts=0.0 +lon_0=0.0 +x_0=0.0 +y_0=0.0 +k=1.0 +units=m +nadgrids=@null +wktext +no_defs +over">
      </Layer>

<Layer name="building"
  srs="+proj=merc +a=6378137 +b=6378137 +lat_ts=0.0 +lon_0=0.0 +x_0=0.0 +y_0=0.0 +k=1.0 +units=m +nadgrids=@null +wktext +no_defs +over">
      </Layer>

<Layer name="landuse_overlay"
  srs="+proj=merc +a=6378137 +b=6378137 +lat_ts=0.0 +lon_0=0.0 +x_0=0.0 +y_0=0.0 +k=1.0 +units=m +nadgrids=@null +wktext +no_defs +over">
      </Layer>

<Style name="tunnel" filter-mode="first" opacity="0.5">
  <Rule>
    <MaxScaleDenominator>12500</MaxScaleDenominator>
    <Filter>([mapnik::geometry_type] = 2) and ([class] = 'street_limited')</Filter>
    <LineSymbolizer stroke-width="2" stroke-dasharray="4, 1" stroke="#ccddee" />
  </Rule>
  <Rule>
    <MaxScaleDenominator>50000</MaxScaleDenominator>
    <MinScaleDenominator>12500</MinScaleDenominator>
    <Filter>([mapnik::geometry_type] = 2) and ([class] = 'street_limited')</Filter>
    <LineSymbolizer stroke-width="1" stroke-dasharray="4, 1" stroke="#ccddee" />
  </Rule>
  <Rule>
    <MinScaleDenominator>50000</MinScaleDenominator>
    <Filter>([mapnik::geometry_type] = 2) and ([class] = 'street_limited')</Filter>
    <LineSymbolizer stroke-dasharray="4, 1" stroke="#ccddee" stroke-width="0.5" />
  </Rule>
  <Rule>
    <MaxScaleDenominator>12500</MaxScaleDenominator>
    <Filter>([mapnik::geometry_type] = 2) and ([class] = 'street')</Filter>
    <LineSymbolizer stroke-width="2" stroke="#ccddee" />
  </Rule>
  <Rule>
    <MaxScaleDenominator>50000</MaxScaleDenominator>
    <MinScaleDenominator>12500</MinScaleDenominator>
    <Filter>([mapnik::geometry_type] = 2) and ([class] = 'street')</Filter>
    <LineSymbolizer stroke-width="1" stroke="#ccddee" />
  </Rule>
  <Rule>
    <MinScaleDenominator>50000</MinScaleDenominator>
    <Filter>([mapnik::geometry_type] = 2) and ([class] = 'street')</Filter>
    <LineSymbolizer stroke="#ccddee" stroke-width="0.5" />
  </Rule>
  <Rule>
    <MaxScaleDenominator>12500</MaxScaleDenominator>
    <Filter>([mapnik::geometry_type] = 2) and ([class] = 'main')</Filter>
    <LineSymbolizer stroke-width="5" stroke="#ccddee" />
  </Rule>
  <Rule>
    <MaxScaleDenominator>50000</MaxScaleDenominator>
    <MinScaleDenominator>12500</MinScaleDenominator>
    <Filter>([mapnik::geometry_type] = 2) and ([class] = 'main')</Filter>
    <LineSymbolizer stroke-width="3" stroke="#ccddee" />
  </Rule>
  <Rule>
    <MaxScaleDenominator>200000</MaxScaleDenominator>
    <MinScaleDenominator>50000</MinScaleDenominator>
    <Filter>([mapnik::geometry_type] = 2) and ([class] = 'main')</Filter>
    <LineSymbolizer stroke-width="2" stroke="#ccddee" />
  </Rule>
  <Rule>
    <MaxScaleDenominator>750000</MaxScaleDenominator>
    <MinScaleDenominator>200000</MinScaleDenominator>
    <Filter>([mapnik::geometry_type] = 2) and ([class] = 'main')</Filter>
    <LineSymbolizer stroke-width="1" stroke="#ccddee" />
  </Rule>
  <Rule>
    <MinScaleDenominator>750000</MinScaleDenominator>
    <Filter>([mapnik::geometry_type] = 2) and ([class] = 'main')</Filter>
    <LineSymbolizer stroke="#ccddee" stroke-width="0.5" />
  </Rule>
  <Rule>
    <MaxScaleDenominator>12500</MaxScaleDenominator>
    <Filter>([mapnik::geometry_type] = 2) and ([class] = 'motorway')</Filter>
    <LineSymbolizer stroke-width="5" stroke="#ccddee" />
  </Rule>
  <Rule>
    <MaxScaleDenominator>50000</MaxScaleDenominator>
    <MinScaleDenominator>12500</MinScaleDenominator>
    <Filter>([mapnik::geometry_type] = 2) and ([class] = 'motorway')</Filter>
    <LineSymbolizer stroke-width="3" stroke="#ccddee" />
  </Rule>
  <Rule>
    <MaxScaleDenominator>200000</MaxScaleDenominator>
    <MinScaleDenominator>50000</MinScaleDenominator>
    <Filter>([mapnik::geometry_type] = 2) and ([class] = 'motorway')</Filter>
    <LineSymbolizer stroke-width="2" stroke="#ccddee" />
  </Rule>
  <Rule>
    <MaxScaleDenominator>750000</MaxScaleDenominator>
    <MinScaleDenominator>200000</MinScaleDenominator>
    <Filter>([mapnik::geometry_type] = 2) and ([class] = 'motorway')</Filter>
    <LineSymbolizer stroke-width="1" stroke="#ccddee" />
  </Rule>
  <Rule>
    <MinScaleDenominator>750000</MinScaleDenominator>
    <Filter>([mapnik::geometry_type] = 2) and ([class] = 'motorway')</Filter>
    <LineSymbolizer stroke="#ccddee" stroke-width="0.5" />
  </Rule>
  <Rule>
    <Filter>([mapnik::geometry_type] = 2)</Filter>
    <LineSymbolizer stroke="#ccddee" stroke-width="0.5" />
  </Rule>
</Style>
<Layer name="tunnel"
  srs="+proj=merc +a=6378137 +b=6378137 +lat_ts=0.0 +lon_0=0.0 +x_0=0.0 +y_0=0.0 +k=1.0 +units=m +nadgrids=@null +wktext +no_defs +over">
    <StyleName>tunnel</StyleName>  </Layer>

<Style name="road" filter-mode="first">
  <Rule>
    <MaxScaleDenominator>12500</MaxScaleDenominator>
    <Filter>([mapnik::geometry_type] = 2) and ([class] = 'street')</Filter>
    <LineSymbolizer stroke-width="2" stroke="#ccddee" />
  </Rule>
  <Rule>
    <MaxScaleDenominator>50000</MaxScaleDenominator>
    <MinScaleDenominator>12500</MinScaleDenominator>
    <Filter>([mapnik::geometry_type] = 2) and ([class] = 'street')</Filter>
    <LineSymbolizer stroke-width="1" stroke="#ccddee" />
  </Rule>
  <Rule>
    <MinScaleDenominator>50000</MinScaleDenominator>
    <Filter>([mapnik::geometry_type] = 2) and ([class] = 'street')</Filter>
    <LineSymbolizer stroke="#ccddee" stroke-width="0.5" />
  </Rule>
  <Rule>
    <MaxScaleDenominator>12500</MaxScaleDenominator>
    <Filter>([mapnik::geometry_type] = 2) and ([class] = 'street_limited')</Filter>
    <LineSymbolizer stroke-width="2" stroke-dasharray="4, 1" stroke="#ccddee" />
  </Rule>
  <Rule>
    <MaxScaleDenominator>50000</MaxScaleDenominator>
    <MinScaleDenominator>12500</MinScaleDenominator>
    <Filter>([mapnik::geometry_type] = 2) and ([class] = 'street_limited')</Filter>
    <LineSymbolizer stroke-width="1" stroke-dasharray="4, 1" stroke="#ccddee" />
  </Rule>
  <Rule>
    <MinScaleDenominator>50000</MinScaleDenominator>
    <Filter>([mapnik::geometry_type] = 2) and ([class] = 'street_limited')</Filter>
    <LineSymbolizer stroke-dasharray="4, 1" stroke="#ccddee" stroke-width="0.5" />
  </Rule>
  <Rule>
    <MaxScaleDenominator>12500</MaxScaleDenominator>
    <Filter>([mapnik::geometry_type] = 2) and ([class] = 'main')</Filter>
    <LineSymbolizer stroke-width="5" stroke="#ccddee" />
  </Rule>
  <Rule>
    <MaxScaleDenominator>50000</MaxScaleDenominator>
    <MinScaleDenominator>12500</MinScaleDenominator>
    <Filter>([mapnik::geometry_type] = 2) and ([class] = 'main')</Filter>
    <LineSymbolizer stroke-width="3" stroke="#ccddee" />
  </Rule>
  <Rule>
    <MaxScaleDenominator>200000</MaxScaleDenominator>
    <MinScaleDenominator>50000</MinScaleDenominator>
    <Filter>([mapnik::geometry_type] = 2) and ([class] = 'main')</Filter>
    <LineSymbolizer stroke-width="2" stroke="#ccddee" />
  </Rule>
  <Rule>
    <MaxScaleDenominator>750000</MaxScaleDenominator>
    <MinScaleDenominator>200000</MinScaleDenominator>
    <Filter>([mapnik::geometry_type] = 2) and ([class] = 'main')</Filter>
    <LineSymbolizer stroke-width="1" stroke="#ccddee" />
  </Rule>
  <Rule>
    <MinScaleDenominator>750000</MinScaleDenominator>
    <Filter>([mapnik::geometry_type] = 2) and ([class] = 'main')</Filter>
    <LineSymbolizer stroke="#ccddee" stroke-width="0.5" />
  </Rule>
  <Rule>
    <MaxScaleDenominator>12500</MaxScaleDenominator>
    <Filter>([mapnik::geometry_type] = 2) and ([class] = 'motorway')</Filter>
    <LineSymbolizer stroke-width="5" stroke="#ccddee" />
  </Rule>
  <Rule>
    <MaxScaleDenominator>50000</MaxScaleDenominator>
    <MinScaleDenominator>12500</MinScaleDenominator>
    <Filter>([mapnik::geometry_type] = 2) and ([class] = 'motorway')</Filter>
    <LineSymbolizer stroke-width="3" stroke="#ccddee" />
  </Rule>
  <Rule>
    <MaxScaleDenominator>200000</MaxScaleDenominator>
    <MinScaleDenominator>50000</MinScaleDenominator>
    <Filter>([mapnik::geometry_type] = 2) and ([class] = 'motorway')</Filter>
    <LineSymbolizer stroke-width="2" stroke="#ccddee" />
  </Rule>
  <Rule>
    <MaxScaleDenominator>750000</MaxScaleDenominator>
    <MinScaleDenominator>200000</MinScaleDenominator>
    <Filter>([mapnik::geometry_type] = 2) and ([class] = 'motorway')</Filter>
    <LineSymbolizer stroke-width="1" stroke="#ccddee" />
  </Rule>
  <Rule>
    <MinScaleDenominator>750000</MinScaleDenominator>
    <Filter>([mapnik::geometry_type] = 2) and ([class] = 'motorway')</Filter>
    <LineSymbolizer stroke="#ccddee" stroke-width="0.5" />
  </Rule>
  <Rule>
    <Filter>([mapnik::geometry_type] = 2)</Filter>
    <LineSymbolizer stroke="#ccddee" stroke-width="0.5" />
  </Rule>
</Style>
<Layer name="road"
  srs="+proj=merc +a=6378137 +b=6378137 +lat_ts=0.0 +lon_0=0.0 +x_0=0.0 +y_0=0.0 +k=1.0 +units=m +nadgrids=@null +wktext +no_defs +over">
    <StyleName>road</StyleName>  </Layer>

<Style name="bridge" filter-mode="first">
  <Rule>
    <MaxScaleDenominator>12500</MaxScaleDenominator>
    <Filter>([mapnik::geometry_type] = 2) and ([class] = 'street_limited')</Filter>
    <LineSymbolizer stroke-width="2" stroke-dasharray="4, 1" stroke="#ccddee" />
  </Rule>
  <Rule>
    <MaxScaleDenominator>50000</MaxScaleDenominator>
    <MinScaleDenominator>12500</MinScaleDenominator>
    <Filter>([mapnik::geometry_type] = 2) and ([class] = 'street_limited')</Filter>
    <LineSymbolizer stroke-width="1" stroke-dasharray="4, 1" stroke="#ccddee" />
  </Rule>
  <Rule>
    <MinScaleDenominator>50000</MinScaleDenominator>
    <Filter>([mapnik::geometry_type] = 2) and ([class] = 'street_limited')</Filter>
    <LineSymbolizer stroke-dasharray="4, 1" stroke="#ccddee" stroke-width="0.5" />
  </Rule>
  <Rule>
    <MaxScaleDenominator>12500</MaxScaleDenominator>
    <Filter>([mapnik::geometry_type] = 2) and ([class] = 'street')</Filter>
    <LineSymbolizer stroke-width="2" stroke="#ccddee" />
  </Rule>
  <Rule>
    <MaxScaleDenominator>50000</MaxScaleDenominator>
    <MinScaleDenominator>12500</MinScaleDenominator>
    <Filter>([mapnik::geometry_type] = 2) and ([class] = 'street')</Filter>
    <LineSymbolizer stroke-width="1" stroke="#ccddee" />
  </Rule>
  <Rule>
    <MinScaleDenominator>50000</MinScaleDenominator>
    <Filter>([mapnik::geometry_type] = 2) and ([class] = 'street')</Filter>
    <LineSymbolizer stroke="#ccddee" stroke-width="0.5" />
  </Rule>
  <Rule>
    <MaxScaleDenominator>12500</MaxScaleDenominator>
    <Filter>([mapnik::geometry_type] = 2) and ([class] = 'main')</Filter>
    <LineSymbolizer stroke-width="5" stroke="#ccddee" />
  </Rule>
  <Rule>
    <MaxScaleDenominator>50000</MaxScaleDenominator>
    <MinScaleDenominator>12500</MinScaleDenominator>
    <Filter>([mapnik::geometry_type] = 2) and ([class] = 'main')</Filter>
    <LineSymbolizer stroke-width="3" stroke="#ccddee" />
  </Rule>
  <Rule>
    <MaxScaleDenominator>200000</MaxScaleDenominator>
    <MinScaleDenominator>50000</MinScaleDenominator>
    <Filter>([mapnik::geometry_type] = 2) and ([class] = 'main')</Filter>
    <LineSymbolizer stroke-width="2" stroke="#ccddee" />
  </Rule>
  <Rule>
    <MaxScaleDenominator>750000</MaxScaleDenominator>
    <MinScaleDenominator>200000</MinScaleDenominator>
    <Filter>([mapnik::geometry_type] = 2) and ([class] = 'main')</Filter>
    <LineSymbolizer stroke-width="1" stroke="#ccddee" />
  </Rule>
  <Rule>
    <MinScaleDenominator>750000</MinScaleDenominator>
    <Filter>([mapnik::geometry_type] = 2) and ([class] = 'main')</Filter>
    <LineSymbolizer stroke="#ccddee" stroke-width="0.5" />
  </Rule>
  <Rule>
    <MaxScaleDenominator>12500</MaxScaleDenominator>
    <Filter>([mapnik::geometry_type] = 2) and ([class] = 'motorway')</Filter>
    <LineSymbolizer stroke-width="5" stroke="#ccddee" />
  </Rule>
  <Rule>
    <MaxScaleDenominator>50000</MaxScaleDenominator>
    <MinScaleDenominator>12500</MinScaleDenominator>
    <Filter>([mapnik::geometry_type] = 2) and ([class] = 'motorway')</Filter>
    <LineSymbolizer stroke-width="3" stroke="#ccddee" />
  </Rule>
  <Rule>
    <MaxScaleDenominator>200000</MaxScaleDenominator>
    <MinScaleDenominator>50000</MinScaleDenominator>
    <Filter>([mapnik::geometry_type] = 2) and ([class] = 'motorway')</Filter>
    <LineSymbolizer stroke-width="2" stroke="#ccddee" />
  </Rule>
  <Rule>
    <MaxScaleDenominator>750000</MaxScaleDenominator>
    <MinScaleDenominator>200000</MinScaleDenominator>
    <Filter>([mapnik::geometry_type] = 2) and ([class] = 'motorway')</Filter>
    <LineSymbolizer stroke-width="1" stroke="#ccddee" />
  </Rule>
  <Rule>
    <MinScaleDenominator>750000</MinScaleDenominator>
    <Filter>([mapnik::geometry_type] = 2) and ([class] = 'motorway')</Filter>
    <LineSymbolizer stroke="#ccddee" stroke-width="0.5" />
  </Rule>
  <Rule>
    <Filter>([mapnik::geometry_type] = 2)</Filter>
    <LineSymbolizer stroke="#ccddee" stroke-width="0.5" />
  </Rule>
</Style>
<Layer name="bridge"
  srs="+proj=merc +a=6378137 +b=6378137 +lat_ts=0.0 +lon_0=0.0 +x_0=0.0 +y_0=0.0 +k=1.0 +units=m +nadgrids=@null +wktext +no_defs +over">
    <StyleName>bridge</StyleName>  </Layer>

<Style name="admin" filter-mode="first">
  <Rule>
    <MaxScaleDenominator>3000000</MaxScaleDenominator>
    <Filter>([admin_level] = 2) and ([maritime] = 0) and ([disputed] = 1)</Filter>
    <LineSymbolizer stroke-dasharray="4, 4" stroke-width="4" stroke-linejoin="round" stroke="#bbbbee" />
  </Rule>
  <Rule>
    <MaxScaleDenominator>12500000</MaxScaleDenominator>
    <MinScaleDenominator>3000000</MinScaleDenominator>
    <Filter>([admin_level] = 2) and ([maritime] = 0) and ([disputed] = 1)</Filter>
    <LineSymbolizer stroke-dasharray="4, 4" stroke-width="2" stroke-linejoin="round" stroke="#bbbbee" />
  </Rule>
  <Rule>
    <MinScaleDenominator>12500000</MinScaleDenominator>
    <Filter>([admin_level] = 2) and ([maritime] = 0) and ([disputed] = 1)</Filter>
    <LineSymbolizer stroke-dasharray="4, 4" stroke-linejoin="round" stroke="#bbbbee" stroke-width="1.4" />
  </Rule>
  <Rule>
    <MaxScaleDenominator>3000000</MaxScaleDenominator>
    <Filter>([admin_level] = 2) and ([maritime] = 0)</Filter>
    <LineSymbolizer stroke-width="4" stroke-linejoin="round" stroke="#bbbbee" />
  </Rule>
  <Rule>
    <MaxScaleDenominator>12500000</MaxScaleDenominator>
    <MinScaleDenominator>3000000</MinScaleDenominator>
    <Filter>([admin_level] = 2) and ([maritime] = 0)</Filter>
    <LineSymbolizer stroke-width="2" stroke-linejoin="round" stroke="#bbbbee" />
  </Rule>
  <Rule>
    <MinScaleDenominator>12500000</MinScaleDenominator>
    <Filter>([admin_level] = 2) and ([maritime] = 0)</Filter>
    <LineSymbolizer stroke-linejoin="round" stroke="#bbbbee" stroke-width="1.4" />
  </Rule>
</Style>
<Layer name="admin"
  srs="+proj=merc +a=6378137 +b=6378137 +lat_ts=0.0 +lon_0=0.0 +x_0=0.0 +y_0=0.0 +k=1.0 +units=m +nadgrids=@null +wktext +no_defs +over">
    <StyleName>admin</StyleName>  </Layer>

<Style name="country_label_line" filter-mode="first">
  <Rule>
    <LineSymbolizer stroke="rgba(102, 102, 170, 0.25)" />
  </Rule>
</Style>
<Layer name="country_label_line"
  srs="+proj=merc +a=6378137 +b=6378137 +lat_ts=0.0 +lon_0=0.0 +x_0=0.0 +y_0=0.0 +k=1.0 +units=m +nadgrids=@null +wktext +no_defs +over">
    <StyleName>country_label_line</StyleName>  </Layer>

<Style name="country_label" filter-mode="first">
  <Rule>
    <MaxScaleDenominator>50000000</MaxScaleDenominator>
    <Filter>([scalerank] = 1)</Filter>
    <TextSymbolizer size="16" face-name="Source Sans Pro Semibold" fill="#6666aa" ><![CDATA[[name_en]]]></TextSymbolizer>
  </Rule>
  <Rule>
    <MaxScaleDenominator>100000000</MaxScaleDenominator>
    <MinScaleDenominator>50000000</MinScaleDenominator>
    <Filter>([scalerank] = 1)</Filter>
    <TextSymbolizer size="14" face-name="Source Sans Pro Semibold" fill="#6666aa" ><![CDATA[[name_en]]]></TextSymbolizer>
  </Rule>
  <Rule>
    <MaxScaleDenominator>6500000</MaxScaleDenominator>
    <Filter>([scalerank] &gt; 3)</Filter>
    <TextSymbolizer size="16" face-name="Source Sans Pro Semibold" fill="#6666aa" ><![CDATA[[name_en]]]></TextSymbolizer>
  </Rule>
  <Rule>
    <MaxScaleDenominator>12500000</MaxScaleDenominator>
    <MinScaleDenominator>6500000</MinScaleDenominator>
    <Filter>([scalerank] &gt; 3)</Filter>
    <TextSymbolizer size="14" face-name="Source Sans Pro Semibold" fill="#6666aa" ><![CDATA[[name_en]]]></TextSymbolizer>
  </Rule>
  <Rule>
    <MaxScaleDenominator>100000000</MaxScaleDenominator>
    <MinScaleDenominator>12500000</MinScaleDenominator>
    <Filter>([scalerank] &gt; 3)</Filter>
    <TextSymbolizer face-name="Source Sans Pro Semibold" fill="#6666aa" size="12" ><![CDATA[[name_en]]]></TextSymbolizer>
  </Rule>
  <Rule>
    <MaxScaleDenominator>12500000</MaxScaleDenominator>
    <Filter>([scalerank] = 3)</Filter>
    <TextSymbolizer size="16" face-name="Source Sans Pro Semibold" fill="#6666aa" ><![CDATA[[name_en]]]></TextSymbolizer>
  </Rule>
  <Rule>
    <MaxScaleDenominator>25000000</MaxScaleDenominator>
    <MinScaleDenominator>12500000</MinScaleDenominator>
    <Filter>([scalerank] = 3)</Filter>
    <TextSymbolizer size="14" face-name="Source Sans Pro Semibold" fill="#6666aa" ><![CDATA[[name_en]]]></TextSymbolizer>
  </Rule>
  <Rule>
    <MaxScaleDenominator>100000000</MaxScaleDenominator>
    <MinScaleDenominator>25000000</MinScaleDenominator>
    <Filter>([scalerank] = 3)</Filter>
    <TextSymbolizer face-name="Source Sans Pro Semibold" fill="#6666aa" size="12" ><![CDATA[[name_en]]]></TextSymbolizer>
  </Rule>
  <Rule>
    <MaxScaleDenominator>25000000</MaxScaleDenominator>
    <Filter>([scalerank] = 2)</Filter>
    <TextSymbolizer size="16" face-name="Source Sans Pro Semibold" fill="#6666aa" ><![CDATA[[name_en]]]></TextSymbolizer>
  </Rule>
  <Rule>
    <MaxScaleDenominator>50000000</MaxScaleDenominator>
    <MinScaleDenominator>25000000</MinScaleDenominator>
    <Filter>([scalerank] = 2)</Filter>
    <TextSymbolizer size="14" face-name="Source Sans Pro Semibold" fill="#6666aa" ><![CDATA[[name_en]]]></TextSymbolizer>
  </Rule>
  <Rule>
    <MaxScaleDenominator>100000000</MaxScaleDenominator>
    <MinScaleDenominator>50000000</MinScaleDenominator>
    <Filter>([scalerank] = 2)</Filter>
    <TextSymbolizer face-name="Source Sans Pro Semibold" fill="#6666aa" size="12" ><![CDATA[[name_en]]]></TextSymbolizer>
  </Rule>
  <Rule>
    <MaxScaleDenominator>100000000</MaxScaleDenominator>
    <TextSymbolizer face-name="Source Sans Pro Semibold" fill="#6666aa" size="12" ><![CDATA[[name_en]]]></TextSymbolizer>
  </Rule>
</Style>
<Layer name="country_label"
  srs="+proj=merc +a=6378137 +b=6378137 +lat_ts=0.0 +lon_0=0.0 +x_0=0.0 +y_0=0.0 +k=1.0 +units=m +nadgrids=@null +wktext +no_defs +over">
    <StyleName>country_label</StyleName>  </Layer>

<Layer name="marine_label"
  srs="+proj=merc +a=6378137 +b=6378137 +lat_ts=0.0 +lon_0=0.0 +x_0=0.0 +y_0=0.0 +k=1.0 +units=m +nadgrids=@null +wktext +no_defs +over">
      </Layer>

<Layer name="state_label"
  srs="+proj=merc +a=6378137 +b=6378137 +lat_ts=0.0 +lon_0=0.0 +x_0=0.0 +y_0=0.0 +k=1.0 +units=m +nadgrids=@null +wktext +no_defs +over">
      </Layer>

<Style name="place_label" filter-mode="first">
  <Rule>
    <MaxScaleDenominator>200000</MaxScaleDenominator>
    <MinScaleDenominator>2500</MinScaleDenominator>
    <Filter>([localrank] &lt;= 2) and ([type] = 'town')</Filter>
    <TextSymbolizer size="20" face-name="Source Sans Pro Regular" fill="#333333" ><![CDATA[[name_en]]]></TextSymbolizer>
  </Rule>
  <Rule>
    <MaxScaleDenominator>750000</MaxScaleDenominator>
    <MinScaleDenominator>200000</MinScaleDenominator>
    <Filter>([localrank] &lt;= 2) and ([type] = 'town')</Filter>
    <TextSymbolizer size="16" face-name="Source Sans Pro Regular" fill="#333333" ><![CDATA[[name_en]]]></TextSymbolizer>
  </Rule>
  <Rule>
    <MinScaleDenominator>750000</MinScaleDenominator>
    <Filter>([localrank] &lt;= 2) and ([type] = 'town')</Filter>
    <TextSymbolizer face-name="Source Sans Pro Regular" fill="#333333" size="14" ><![CDATA[[name_en]]]></TextSymbolizer>
  </Rule>
  <Rule>
    <MaxScaleDenominator>200000</MaxScaleDenominator>
    <MinScaleDenominator>12500</MinScaleDenominator>
    <Filter>([localrank] &lt;= 2) and ([type] = 'city')</Filter>
    <TextSymbolizer size="24" face-name="Source Sans Pro Semibold" fill="#444444" ><![CDATA[[name_en]]]></TextSymbolizer>
  </Rule>
  <Rule>
    <MaxScaleDenominator>750000</MaxScaleDenominator>
    <MinScaleDenominator>200000</MinScaleDenominator>
    <Filter>([localrank] &lt;= 2) and ([type] = 'city')</Filter>
    <TextSymbolizer size="18" face-name="Source Sans Pro Semibold" fill="#444444" ><![CDATA[[name_en]]]></TextSymbolizer>
  </Rule>
  <Rule>
    <MinScaleDenominator>750000</MinScaleDenominator>
    <Filter>([localrank] &lt;= 2) and ([type] = 'city')</Filter>
    <TextSymbolizer face-name="Source Sans Pro Semibold" fill="#444444" size="16" ><![CDATA[[name_en]]]></TextSymbolizer>
  </Rule>
  <Rule>
    <MaxScaleDenominator>12500</MaxScaleDenominator>
    <Filter>([localrank] &lt;= 2) and ([type] = 'neighbourhood')</Filter>
    <TextSymbolizer size="16" face-name="Source Sans Pro Regular" fill="#666666" ><![CDATA[[name_en]]]></TextSymbolizer>
  </Rule>
  <Rule>
    <MaxScaleDenominator>50000</MaxScaleDenominator>
    <MinScaleDenominator>12500</MinScaleDenominator>
    <Filter>([localrank] &lt;= 2) and ([type] = 'neighbourhood')</Filter>
    <TextSymbolizer size="14" face-name="Source Sans Pro Regular" fill="#666666" ><![CDATA[[name_en]]]></TextSymbolizer>
  </Rule>
  <Rule>
    <MinScaleDenominator>50000</MinScaleDenominator>
    <Filter>([localrank] &lt;= 2) and ([type] = 'neighbourhood')</Filter>
    <TextSymbolizer face-name="Source Sans Pro Regular" fill="#666666" size="12" ><![CDATA[[name_en]]]></TextSymbolizer>
  </Rule>
  <Rule>
    <MaxScaleDenominator>12500</MaxScaleDenominator>
    <Filter>([localrank] &lt;= 2) and ([type] = 'suburb')</Filter>
    <TextSymbolizer size="16" face-name="Source Sans Pro Regular" fill="#666666" ><![CDATA[[name_en]]]></TextSymbolizer>
  </Rule>
  <Rule>
    <MaxScaleDenominator>50000</MaxScaleDenominator>
    <MinScaleDenominator>12500</MinScaleDenominator>
    <Filter>([localrank] &lt;= 2) and ([type] = 'suburb')</Filter>
    <TextSymbolizer size="14" face-name="Source Sans Pro Regular" fill="#666666" ><![CDATA[[name_en]]]></TextSymbolizer>
  </Rule>
  <Rule>
    <MinScaleDenominator>50000</MinScaleDenominator>
    <Filter>([localrank] &lt;= 2) and ([type] = 'suburb')</Filter>
    <TextSymbolizer face-name="Source Sans Pro Regular" fill="#666666" size="12" ><![CDATA[[name_en]]]></TextSymbolizer>
  </Rule>
  <Rule>
    <MaxScaleDenominator>12500</MaxScaleDenominator>
    <Filter>([localrank] &lt;= 2) and ([type] = 'hamlet')</Filter>
    <TextSymbolizer size="16" face-name="Source Sans Pro Regular" fill="#666666" ><![CDATA[[name_en]]]></TextSymbolizer>
  </Rule>
  <Rule>
    <MaxScaleDenominator>50000</MaxScaleDenominator>
    <MinScaleDenominator>12500</MinScaleDenominator>
    <Filter>([localrank] &lt;= 2) and ([type] = 'hamlet')</Filter>
    <TextSymbolizer size="14" face-name="Source Sans Pro Regular" fill="#666666" ><![CDATA[[name_en]]]></TextSymbolizer>
  </Rule>
  <Rule>
    <MinScaleDenominator>50000</MinScaleDenominator>
    <Filter>([localrank] &lt;= 2) and ([type] = 'hamlet')</Filter>
    <TextSymbolizer face-name="Source Sans Pro Regular" fill="#666666" size="12" ><![CDATA[[name_en]]]></TextSymbolizer>
  </Rule>
  <Rule>
    <MaxScaleDenominator>50000</MaxScaleDenominator>
    <Filter>([localrank] &lt;= 2) and ([type] = 'village')</Filter>
    <TextSymbolizer size="18" face-name="Source Sans Pro Regular" fill="#444444" ><![CDATA[[name_en]]]></TextSymbolizer>
  </Rule>
  <Rule>
    <MaxScaleDenominator>200000</MaxScaleDenominator>
    <MinScaleDenominator>50000</MinScaleDenominator>
    <Filter>([localrank] &lt;= 2) and ([type] = 'village')</Filter>
    <TextSymbolizer size="14" face-name="Source Sans Pro Regular" fill="#444444" ><![CDATA[[name_en]]]></TextSymbolizer>
  </Rule>
  <Rule>
    <MinScaleDenominator>200000</MinScaleDenominator>
    <Filter>([localrank] &lt;= 2) and ([type] = 'village')</Filter>
    <TextSymbolizer face-name="Source Sans Pro Regular" fill="#444444" size="12" ><![CDATA[[name_en]]]></TextSymbolizer>
  </Rule>
</Style>
<Layer name="place_label"
  srs="+proj=merc +a=6378137 +b=6378137 +lat_ts=0.0 +lon_0=0.0 +x_0=0.0 +y_0=0.0 +k=1.0 +units=m +nadgrids=@null +wktext +no_defs +over">
    <StyleName>place_label</StyleName>  </Layer>

<Style name="water_label" filter-mode="first">
  <Rule>
    <MaxScaleDenominator>50000</MaxScaleDenominator>
    <Filter>([area] &gt; 500000)</Filter>
    <TextSymbolizer face-name="Source Sans Pro Italic" fill="#2aa6ff" size="13" wrap-width="100" wrap-before="true" ><![CDATA[[name_en]]]></TextSymbolizer>
  </Rule>
  <Rule>
    <MinScaleDenominator>50000</MinScaleDenominator>
    <Filter>([area] &gt; 500000)</Filter>
    <TextSymbolizer face-name="Source Sans Pro Italic" fill="#2aa6ff" size="13" wrap-width="100" wrap-before="true" ><![CDATA[[name_en]]]></TextSymbolizer>
  </Rule>
  <Rule>
    <MaxScaleDenominator>12500</MaxScaleDenominator>
    <Filter>([area] &gt; 10000)</Filter>
    <TextSymbolizer face-name="Source Sans Pro Italic" fill="#2aa6ff" size="13" wrap-width="100" wrap-before="true" ><![CDATA[[name_en]]]></TextSymbolizer>
  </Rule>
  <Rule>
    <MinScaleDenominator>50000</MinScaleDenominator>
    <Filter>([area] &gt; 10000)</Filter>
    <TextSymbolizer face-name="Source Sans Pro Italic" fill="#2aa6ff" size="13" wrap-width="100" wrap-before="true" ><![CDATA[[name_en]]]></TextSymbolizer>
  </Rule>
  <Rule>
    <MinScaleDenominator>50000</MinScaleDenominator>
    <TextSymbolizer face-name="Source Sans Pro Italic" fill="#2aa6ff" size="13" wrap-width="100" wrap-before="true" ><![CDATA[[name_en]]]></TextSymbolizer>
  </Rule>
  <Rule>
    <MaxScaleDenominator>5000</MaxScaleDenominator>
    <TextSymbolizer face-name="Source Sans Pro Italic" fill="#2aa6ff" size="13" wrap-width="100" wrap-before="true" ><![CDATA[[name_en]]]></TextSymbolizer>
  </Rule>
</Style>
<Layer name="water_label"
  srs="+proj=merc +a=6378137 +b=6378137 +lat_ts=0.0 +lon_0=0.0 +x_0=0.0 +y_0=0.0 +k=1.0 +units=m +nadgrids=@null +wktext +no_defs +over">
    <StyleName>water_label</StyleName>  </Layer>

<Layer name="poi_label"
  srs="+proj=merc +a=6378137 +b=6378137 +lat_ts=0.0 +lon_0=0.0 +x_0=0.0 +y_0=0.0 +k=1.0 +units=m +nadgrids=@null +wktext +no_defs +over">
      </Layer>

<Layer name="road_label"
  srs="+proj=merc +a=6378137 +b=6378137 +lat_ts=0.0 +lon_0=0.0 +x_0=0.0 +y_0=0.0 +k=1.0 +units=m +nadgrids=@null +wktext +no_defs +over">
      </Layer>

<Layer name="waterway_label"
  srs="+proj=merc +a=6378137 +b=6378137 +lat_ts=0.0 +lon_0=0.0 +x_0=0.0 +y_0=0.0 +k=1.0 +units=m +nadgrids=@null +wktext +no_defs +over">
      </Layer>

<Layer name="housenum_label"
  srs="+proj=merc +a=6378137 +b=6378137 +lat_ts=0.0 +lon_0=0.0 +x_0=0.0 +y_0=0.0 +k=1.0 +units=m +nadgrids=@null +wktext +no_defs +over">
      </Layer>

<Layer name="camden_routes"
  srs="+proj=merc +a=6378137 +b=6378137 +lat_ts=0.0 +lon_0=0.0 +x_0=0.0 +y_0=0.0 +k=1.0 +units=m +nadgrids=@null +wktext +no_defs +over">
      </Layer>

<Style name="camden_tracks" filter-mode="first">
  <Rule>
    <LineSymbolizer stroke-width="2" stroke="#ff0000" />
  </Rule>
</Style>
<Layer name="camden_tracks"
  srs="+proj=merc +a=6378137 +b=6378137 +lat_ts=0.0 +lon_0=0.0 +x_0=0.0 +y_0=0.0 +k=1.0 +units=m +nadgrids=@null +wktext +no_defs +over">
    <StyleName>camden_tracks</StyleName>  </Layer>

<Layer name="camden_track_points"
  srs="+proj=merc +a=6378137 +b=6378137 +lat_ts=0.0 +lon_0=0.0 +x_0=0.0 +y_0=0.0 +k=1.0 +units=m +nadgrids=@null +wktext +no_defs +over">
      </Layer>

</Map>