<?xml version="1.0" encoding="utf-8"?>
<!DOCTYPE Map[]>
<Map srs="+proj=merc +a=6378137 +b=6378137 +lat_ts=0.0 +lon_0=0.0 +x_0=0.0 +y_0=0.0 +k=1.0 +units=m +nadgrids=@null +wktext +no_defs +over">

<Parameters>
  <Parameter name="center">-25.3125,48.9225,0</Parameter>
  <Parameter name="format">pbf</Parameter>
  <Parameter name="json"><![CDATA[{"vector_layers":[{"id":"camden","description":"","fields":{"name":"String","time":"String"}}]}]]></Parameter>
  <Parameter name="maxzoom">16</Parameter>
  <Parameter name="minzoom">0</Parameter>
</Parameters>


<Layer name="camden"
  buffer-size="8"
  srs="+proj=longlat +ellps=WGS84 +datum=WGS84 +no_defs">
    
    <Datasource>
       <Parameter name="file"><![CDATA[/Users/allanw/Downloads/camden.geojson]]></Parameter>
       <Parameter name="layer"><![CDATA[OGRGeoJSON]]></Parameter>
       <Parameter name="type"><![CDATA[ogr]]></Parameter>
    </Datasource>
  </Layer>

</Map>