<?xml version="1.0" ?><gpx version="1.1" creator="runlogger.co.uk" xmlns:xsi="http://www.w3.org/2001/XMLSchema-instance" 
        xmlns:gpxtpx="http://www.garmin.com/xmlschemas/TrackPointExtension/v1" xmlns="http://www.topografix.com/GPX/1/1" 
        xsi:schemaLocation="http://www.topografix.com/GPX/1/1 http://www.topografix.com/gpx/1/1/gpx.xsd 
        http://www.garmin.com/xmlschemas/TrackPointExtension/v1 http://www.garmin.com/xmlschemas/TrackPointExtensionv1.xsd">
        <metadata><name>RUN ON: 07/31/2014 18:47 PM</name></metadata>
        <trk><name>RUN ON: 07/31/2014 18:47 PM</name><trkseg><trkpt lat="51.53422" lon="-0.093653"><ele>23.0</ele><time>2014-07-31T18:47:18+00:00</time></trkpt><trkpt lat="51.53424" lon="-0.093625"><ele>23.0</ele><time>2014-07-31T18:47:19+00:00</time></trkpt><trkpt lat="51.53426" lon="-0.093589"><ele>23.0</ele><time>2014-07-31T18:47:20+00:00</time></trkpt><trkpt lat="51.53428" lon="-0.093548"><ele>23.0</ele><time>2014-07-31T18:47:21+00:00</time></trkpt><trkpt lat="51.534298" lon="-0.093502"><ele>23.0</ele><time>2014-07-31T18:47:22+00:00</time></trkpt><trkpt lat="51.534317" lon="-0.093452"><ele>23.0</ele><time>2014-07-31T18:47:23+00:00</time></trkpt><trkpt lat="51.534336" lon="-0.093399"><ele>23.0</ele><time>2014-07-31T18:47:24+00:00</time></trkpt><trkpt lat="51.534355" lon="-0.093343"><ele>23.0</ele><time>2014-07-31T18:47:25+00:00</time></trkpt><trkpt lat="51.534374" lon="-0.093286"><ele>23.0</ele><time>2014-07-31T18:47:26+00:00</time></trkpt><trkpt lat="51.53439" lon="-0.093229"><ele>23.0</ele><time>2014-07-31T18:47:27+00:00</time></trkpt><trkpt lat="51.534405" lon="-0.093171"><ele>23.0</ele><time>2014-07-31T18:47:28+00:00</time></trkpt><trkpt lat="51.53442" lon="-0.093115"><ele>23.0</ele><time>2014-07-31T18:47:29+00:00</time></trkpt><trkpt lat="51.534435" lon="-0.09306"><ele>23.0</ele><time>2014-07-31T18:47:30+00:00</time></trkpt><trkpt lat="51.53446" lon="-0.093008"><ele>23.0</ele><time>2014-07-31T18:47:31+00:00</time></trkpt><trkpt lat="51.53448" lon="-0.092957"><ele>23.0</ele><time>2014-07-31T18:47:32+00:00</time></trkpt><trkpt lat="51.534504" lon="-0.092908"><ele>22.999998</ele><time>2014-07-31T18:47:33+00:00</time></trkpt><trkpt lat="51.53453" lon="-0.092859"><ele>22.999996</ele><time>2014-07-31T18:47:34+00:00</time></trkpt><trkpt lat="51.534554" lon="-0.09281"><ele>22.999994</ele><time>2014-07-31T18:47:35+00:00</time></trkpt><trkpt lat="51.534576" lon="-0.09276"><ele>22.999992</ele><time>2014-07-31T18:47:36+00:00</time></trkpt><trkpt lat="51.5346" lon="-0.092711"><ele>22.999987</ele><time>2014-07-31T18:47:37+00:00</time></trkpt><trkpt lat="51.534622" lon="-0.092661"><ele>22.999973</ele><time>2014-07-31T18:47:38+00:00</time></trkpt><trkpt lat="51.534645" lon="-0.092611"><ele>22.999958</ele><time>2014-07-31T18:47:39+00:00</time></trkpt><trkpt lat="51.534664" lon="-0.09256"><ele>22.999943</ele><time>2014-07-31T18:47:40+00:00</time></trkpt><trkpt lat="51.53469" lon="-0.09251"><ele>22.999933</ele><time>2014-07-31T18:47:41+00:00</time></trkpt><trkpt lat="51.53471" lon="-0.092459"><ele>22.950726</ele><time>2014-07-31T18:47:42+00:00</time></trkpt><trkpt lat="51.534733" lon="-0.092408"><ele>22.889502</ele><time>2014-07-31T18:47:43+00:00</time></trkpt><trkpt lat="51.534756" lon="-0.092357"><ele>22.828274</ele><time>2014-07-31T18:47:44+00:00</time></trkpt><trkpt lat="51.53478" lon="-0.092308"><ele>22.76946</ele><time>2014-07-31T18:47:45+00:00</time></trkpt><trkpt lat="51.5348" lon="-0.092259"><ele>22.710646</ele><time>2014-07-31T18:47:46+00:00</time></trkpt><trkpt lat="51.53482" lon="-0.092213"><ele>22.655428</ele><time>2014-07-31T18:47:47+00:00</time></trkpt><trkpt lat="51.53484" lon="-0.092168"><ele>22.601437</ele><time>2014-07-31T18:47:48+00:00</time></trkpt><trkpt lat="51.53486" lon="-0.092124"><ele>22.548645</ele><time>2014-07-31T18:47:49+00:00</time></trkpt><trkpt lat="51.534878" lon="-0.092081"><ele>22.497074</ele><time>2014-07-31T18:47:50+00:00</time></trkpt><trkpt lat="51.534893" lon="-0.092037"><ele>22.4443</ele><time>2014-07-31T18:47:51+00:00</time></trkpt><trkpt lat="51.53491" lon="-0.091991"><ele>22.389105</ele><time>2014-07-31T18:47:52+00:00</time></trkpt><trkpt lat="51.534927" lon="-0.091943"><ele>22.331553</ele><time>2014-07-31T18:47:53+00:00</time></trkpt><trkpt lat="51.534943" lon="-0.091893"><ele>22.271555</ele><time>2014-07-31T18:47:54+00:00</time></trkpt><trkpt lat="51.534958" lon="-0.091839"><ele>22.20675</ele><time>2014-07-31T18:47:55+00:00</time></trkpt><trkpt lat="51.534973" lon="-0.091782"><ele>22.138361</ele><time>2014-07-31T18:47:56+00:00</time></trkpt><trkpt lat="51.534992" lon="-0.091724"><ele>22.068773</ele><time>2014-07-31T18:47:57+00:00</time></trkpt><trkpt lat="51.53501" lon="-0.091669"><ele>22.01717</ele><time>2014-07-31T18:47:58+00:00</time></trkpt><trkpt lat="51.53503" lon="-0.091618"><ele>22.038364</ele><time>2014-07-31T18:47:59+00:00</time></trkpt><trkpt lat="51.535053" lon="-0.091577"><ele>22.06235</ele><time>2014-07-31T18:48:00+00:00</time></trkpt><trkpt lat="51.535072" lon="-0.09154"><ele>22.08753</ele><time>2014-07-31T18:48:01+00:00</time></trkpt><trkpt lat="51.535095" lon="-0.091501"><ele>22.115128</ele><time>2014-07-31T18:48:02+00:00</time></trkpt><trkpt lat="51.535122" lon="-0.091457"><ele>22.145124</ele><time>2014-07-31T18:48:03+00:00</time></trkpt><trkpt lat="51.535145" lon="-0.091408"><ele>22.173923</ele><time>2014-07-31T18:48:04+00:00</time></trkpt><trkpt lat="51.535168" lon="-0.091358"><ele>22.201532</ele><time>2014-07-31T18:48:05+00:00</time></trkpt><trkpt lat="51.53519" lon="-0.091308"><ele>22.227905</ele><time>2014-07-31T18:48:06+00:00</time></trkpt><trkpt lat="51.53521" lon="-0.091256"><ele>22.251884</ele><time>2014-07-31T18:48:07+00:00</time></trkpt><trkpt lat="51.535233" lon="-0.091205"><ele>22.277082</ele><time>2014-07-31T18:48:08+00:00</time></trkpt><trkpt lat="51.53525" lon="-0.091154"><ele>22.302279</ele><time>2014-07-31T18:48:09+00:00</time></trkpt><trkpt lat="51.535275" lon="-0.091104"><ele>22.329876</ele><time>2014-07-31T18:48:10+00:00</time></trkpt><trkpt lat="51.535297" lon="-0.091054"><ele>22.358673</ele><time>2014-07-31T18:48:11+00:00</time></trkpt><trkpt lat="51.535324" lon="-0.091005"><ele>22.389818</ele><time>2014-07-31T18:48:12+00:00</time></trkpt><trkpt lat="51.53535" lon="-0.090956"><ele>22.420942</ele><time>2014-07-31T18:48:13+00:00</time></trkpt><trkpt lat="51.535378" lon="-0.090908"><ele>22.45197</ele><time>2014-07-31T18:48:14+00:00</time></trkpt><trkpt lat="51.535404" lon="-0.09086"><ele>22.484081</ele><time>2014-07-31T18:48:15+00:00</time></trkpt><trkpt lat="51.53543" lon="-0.090812"><ele>22.50412</ele><time>2014-07-31T18:48:16+00:00</time></trkpt><trkpt lat="51.53546" lon="-0.090766"><ele>22.507767</ele><time>2014-07-31T18:48:17+00:00</time></trkpt><trkpt lat="51.53549" lon="-0.09072"><ele>22.507406</ele><time>2014-07-31T18:48:18+00:00</time></trkpt><trkpt lat="51.535515" lon="-0.090674"><ele>22.498339</ele><time>2014-07-31T18:48:19+00:00</time></trkpt><trkpt lat="51.535534" lon="-0.090629"><ele>22.482054</ele><time>2014-07-31T18:48:20+00:00</time></trkpt><trkpt lat="51.53555" lon="-0.090583"><ele>22.460196</ele><time>2014-07-31T18:48:21+00:00</time></trkpt><trkpt lat="51.535564" lon="-0.090538"><ele>22.437805</ele><time>2014-07-31T18:48:22+00:00</time></trkpt><trkpt lat="51.535587" lon="-0.090492"><ele>22.415503</ele><time>2014-07-31T18:48:23+00:00</time></trkpt><trkpt lat="51.535614" lon="-0.090448"><ele>22.395042</ele><time>2014-07-31T18:48:24+00:00</time></trkpt><trkpt lat="51.535645" lon="-0.090403"><ele>22.371927</ele><time>2014-07-31T18:48:25+00:00</time></trkpt><trkpt lat="51.53567" lon="-0.09036"><ele>22.347694</ele><time>2014-07-31T18:48:26+00:00</time></trkpt><trkpt lat="51.5357" lon="-0.090317"><ele>22.319094</ele><time>2014-07-31T18:48:27+00:00</time></trkpt><trkpt lat="51.535732" lon="-0.090276"><ele>22.288984</ele><time>2014-07-31T18:48:28+00:00</time></trkpt><trkpt lat="51.53576" lon="-0.090232"><ele>22.25083</ele><time>2014-07-31T18:48:29+00:00</time></trkpt><trkpt lat="51.535786" lon="-0.090183"><ele>22.205706</ele><time>2014-07-31T18:48:30+00:00</time></trkpt><trkpt lat="51.535816" lon="-0.090128"><ele>22.149881</ele><time>2014-07-31T18:48:31+00:00</time></trkpt><trkpt lat="51.535847" lon="-0.09007"><ele>22.113739</ele><time>2014-07-31T18:48:32+00:00</time></trkpt><trkpt lat="51.535877" lon="-0.090016"><ele>22.121763</ele><time>2014-07-31T18:48:33+00:00</time></trkpt><trkpt lat="51.535904" lon="-0.089969"><ele>22.169323</ele><time>2014-07-31T18:48:34+00:00</time></trkpt><trkpt lat="51.535927" lon="-0.089925"><ele>22.222109</ele><time>2014-07-31T18:48:35+00:00</time></trkpt><trkpt lat="51.53594" lon="-0.089881"><ele>22.253344</ele><time>2014-07-31T18:48:36+00:00</time></trkpt><trkpt lat="51.535942" lon="-0.08983"><ele>22.262897</ele><time>2014-07-31T18:48:37+00:00</time></trkpt><trkpt lat="51.535946" lon="-0.089779"><ele>22.27014</ele><time>2014-07-31T18:48:38+00:00</time></trkpt><trkpt lat="51.535954" lon="-0.089732"><ele>22.291735</ele><time>2014-07-31T18:48:39+00:00</time></trkpt><trkpt lat="51.53597" lon="-0.089688"><ele>22.325325</ele><time>2014-07-31T18:48:40+00:00</time></trkpt><trkpt lat="51.535988" lon="-0.089647"><ele>22.37326</ele><time>2014-07-31T18:48:41+00:00</time></trkpt><trkpt lat="51.53601" lon="-0.089607"><ele>22.425982</ele><time>2014-07-31T18:48:42+00:00</time></trkpt><trkpt lat="51.536034" lon="-0.089568"><ele>22.483557</ele><time>2014-07-31T18:48:43+00:00</time></trkpt><trkpt lat="51.53606" lon="-0.089528"><ele>22.541048</ele><time>2014-07-31T18:48:44+00:00</time></trkpt><trkpt lat="51.53608" lon="-0.089486"><ele>22.593904</ele><time>2014-07-31T18:48:45+00:00</time></trkpt><trkpt lat="51.536102" lon="-0.089443"><ele>22.646677</ele><time>2014-07-31T18:48:46+00:00</time></trkpt><trkpt lat="51.53612" lon="-0.089398"><ele>22.694733</ele><time>2014-07-31T18:48:47+00:00</time></trkpt><trkpt lat="51.536144" lon="-0.089352"><ele>22.745024</ele><time>2014-07-31T18:48:48+00:00</time></trkpt><trkpt lat="51.536163" lon="-0.089305"><ele>22.795288</ele><time>2014-07-31T18:48:49+00:00</time></trkpt><trkpt lat="51.536186" lon="-0.089257"><ele>22.84805</ele><time>2014-07-31T18:48:50+00:00</time></trkpt><trkpt lat="51.53621" lon="-0.089208"><ele>22.903423</ele><time>2014-07-31T18:48:51+00:00</time></trkpt><trkpt lat="51.536232" lon="-0.089159"><ele>22.95381</ele><time>2014-07-31T18:48:52+00:00</time></trkpt><trkpt lat="51.53626" lon="-0.08911"><ele>22.980843</ele><time>2014-07-31T18:48:53+00:00</time></trkpt><trkpt lat="51.53628" lon="-0.08906"><ele>23.005928</ele><time>2014-07-31T18:48:54+00:00</time></trkpt><trkpt lat="51.53631" lon="-0.089009"><ele>23.028673</ele><time>2014-07-31T18:48:55+00:00</time></trkpt><trkpt lat="51.536335" lon="-0.088958"><ele>23.047285</ele><time>2014-07-31T18:48:56+00:00</time></trkpt><trkpt lat="51.53636" lon="-0.088907"><ele>23.061651</ele><time>2014-07-31T18:48:57+00:00</time></trkpt><trkpt lat="51.536385" lon="-0.088856"><ele>23.072725</ele><time>2014-07-31T18:48:58+00:00</time></trkpt><trkpt lat="51.53641" lon="-0.088805"><ele>23.08281</ele><time>2014-07-31T18:48:59+00:00</time></trkpt><trkpt lat="51.536438" lon="-0.088755"><ele>23.088991</ele><time>2014-07-31T18:49:00+00:00</time></trkpt><trkpt lat="51.536465" lon="-0.088704"><ele>23.087862</ele><time>2014-07-31T18:49:01+00:00</time></trkpt><trkpt lat="51.536488" lon="-0.088655"><ele>23.084122</ele><time>2014-07-31T18:49:02+00:00</time></trkpt><trkpt lat="51.53651" lon="-0.088605"><ele>23.075909</ele><time>2014-07-31T18:49:03+00:00</time></trkpt><trkpt lat="51.536533" lon="-0.088556"><ele>23.064123</ele><time>2014-07-31T18:49:04+00:00</time></trkpt><trkpt lat="51.536556" lon="-0.088507"><ele>23.046982</ele><time>2014-07-31T18:49:05+00:00</time></trkpt><trkpt lat="51.53658" lon="-0.088457"><ele>23.02387</ele><time>2014-07-31T18:49:06+00:00</time></trkpt><trkpt lat="51.5366" lon="-0.088407"><ele>22.997349</ele><time>2014-07-31T18:49:07+00:00</time></trkpt><trkpt lat="51.536617" lon="-0.088357"><ele>22.967691</ele><time>2014-07-31T18:49:08+00:00</time></trkpt><trkpt lat="51.53664" lon="-0.088307"><ele>22.965435</ele><time>2014-07-31T18:49:09+00:00</time></trkpt><trkpt lat="51.53666" lon="-0.088257"><ele>22.990984</ele><time>2014-07-31T18:49:10+00:00</time></trkpt><trkpt lat="51.536682" lon="-0.088208"><ele>22.983635</ele><time>2014-07-31T18:49:11+00:00</time></trkpt><trkpt lat="51.536705" lon="-0.08816"><ele>22.962957</ele><time>2014-07-31T18:49:12+00:00</time></trkpt><trkpt lat="51.53673" lon="-0.088114"><ele>22.9433</ele><time>2014-07-31T18:49:13+00:00</time></trkpt><trkpt lat="51.536755" lon="-0.08807"><ele>22.927889</ele><time>2014-07-31T18:49:14+00:00</time></trkpt><trkpt lat="51.536774" lon="-0.088025"><ele>22.917677</ele><time>2014-07-31T18:49:15+00:00</time></trkpt><trkpt lat="51.536797" lon="-0.087975"><ele>22.909863</ele><time>2014-07-31T18:49:16+00:00</time></trkpt><trkpt lat="51.536823" lon="-0.087924"><ele>22.903025</ele><time>2014-07-31T18:49:17+00:00</time></trkpt><trkpt lat="51.536854" lon="-0.087872"><ele>22.899965</ele><time>2014-07-31T18:49:18+00:00</time></trkpt><trkpt lat="51.53688" lon="-0.087822"><ele>22.899935</ele><time>2014-07-31T18:49:19+00:00</time></trkpt><trkpt lat="51.53691" lon="-0.087775"><ele>22.903381</ele><time>2014-07-31T18:49:20+00:00</time></trkpt><trkpt lat="51.536938" lon="-0.087729"><ele>22.910925</ele><time>2014-07-31T18:49:21+00:00</time></trkpt><trkpt lat="51.53696" lon="-0.087683"><ele>22.922075</ele><time>2014-07-31T18:49:22+00:00</time></trkpt><trkpt lat="51.536983" lon="-0.087638"><ele>22.936241</ele><time>2014-07-31T18:49:23+00:00</time></trkpt><trkpt lat="51.537003" lon="-0.087593"><ele>22.954308</ele><time>2014-07-31T18:49:24+00:00</time></trkpt><trkpt lat="51.53702" lon="-0.087546"><ele>22.97561</ele><time>2014-07-31T18:49:25+00:00</time></trkpt><trkpt lat="51.537037" lon="-0.087498"><ele>23.000435</ele><time>2014-07-31T18:49:26+00:00</time></trkpt><trkpt lat="51.537056" lon="-0.087447"><ele>23.02924</ele><time>2014-07-31T18:49:27+00:00</time></trkpt><trkpt lat="51.537075" lon="-0.087392"><ele>23.062984</ele><time>2014-07-31T18:49:28+00:00</time></trkpt><trkpt lat="51.537098" lon="-0.087334"><ele>23.102404</ele><time>2014-07-31T18:49:29+00:00</time></trkpt><trkpt lat="51.53712" lon="-0.087276"><ele>23.14554</ele><time>2014-07-31T18:49:30+00:00</time></trkpt><trkpt lat="51.537144" lon="-0.087218"><ele>23.191965</ele><time>2014-07-31T18:49:31+00:00</time></trkpt><trkpt lat="51.537163" lon="-0.08716"><ele>23.240984</ele><time>2014-07-31T18:49:32+00:00</time></trkpt><trkpt lat="51.537178" lon="-0.087101"><ele>23.292753</ele><time>2014-07-31T18:49:33+00:00</time></trkpt><trkpt lat="51.537193" lon="-0.087041"><ele>23.345228</ele><time>2014-07-31T18:49:34+00:00</time></trkpt><trkpt lat="51.5372" lon="-0.086977"><ele>23.400309</ele><time>2014-07-31T18:49:35+00:00</time></trkpt><trkpt lat="51.537205" lon="-0.086912"><ele>23.454203</ele><time>2014-07-31T18:49:36+00:00</time></trkpt><trkpt lat="51.53721" lon="-0.086848"><ele>23.507195</ele><time>2014-07-31T18:49:37+00:00</time></trkpt><trkpt lat="51.537212" lon="-0.086791"><ele>23.557697</ele><time>2014-07-31T18:49:38+00:00</time></trkpt><trkpt lat="51.537228" lon="-0.086744"><ele>23.608067</ele><time>2014-07-31T18:49:39+00:00</time></trkpt><trkpt lat="51.537243" lon="-0.086704"><ele>23.65957</ele><time>2014-07-31T18:49:40+00:00</time></trkpt><trkpt lat="51.537266" lon="-0.086667"><ele>23.715408</ele><time>2014-07-31T18:49:41+00:00</time></trkpt><trkpt lat="51.53729" lon="-0.08663"><ele>23.743263</ele><time>2014-07-31T18:49:42+00:00</time></trkpt><trkpt lat="51.537308" lon="-0.086588"><ele>23.768232</ele><time>2014-07-31T18:49:43+00:00</time></trkpt><trkpt lat="51.53732" lon="-0.086537"><ele>23.78357</ele><time>2014-07-31T18:49:44+00:00</time></trkpt><trkpt lat="51.537323" lon="-0.086477"><ele>23.786547</ele><time>2014-07-31T18:49:45+00:00</time></trkpt><trkpt lat="51.537327" lon="-0.086423"><ele>23.789942</ele><time>2014-07-31T18:49:46+00:00</time></trkpt><trkpt lat="51.537342" lon="-0.086383"><ele>23.806475</ele><time>2014-07-31T18:49:47+00:00</time></trkpt><trkpt lat="51.53736" lon="-0.086332"><ele>23.82209</ele><time>2014-07-31T18:49:48+00:00</time></trkpt><trkpt lat="51.537376" lon="-0.086268"><ele>23.837301</ele><time>2014-07-31T18:49:49+00:00</time></trkpt><trkpt lat="51.537388" lon="-0.086198"><ele>23.847385</ele><time>2014-07-31T18:49:50+00:00</time></trkpt><trkpt lat="51.537395" lon="-0.08613"><ele>23.849459</ele><time>2014-07-31T18:49:51+00:00</time></trkpt><trkpt lat="51.537403" lon="-0.086065"><ele>23.862682</ele><time>2014-07-31T18:49:52+00:00</time></trkpt><trkpt lat="51.537407" lon="-0.086003"><ele>23.86397</ele><time>2014-07-31T18:49:53+00:00</time></trkpt><trkpt lat="51.53741" lon="-0.085944"><ele>23.869831</ele><time>2014-07-31T18:49:54+00:00</time></trkpt><trkpt lat="51.53742" lon="-0.085886"><ele>23.863655</ele><time>2014-07-31T18:49:55+00:00</time></trkpt><trkpt lat="51.537426" lon="-0.085826"><ele>23.85752</ele><time>2014-07-31T18:49:56+00:00</time></trkpt><trkpt lat="51.537434" lon="-0.085763"><ele>23.785536</ele><time>2014-07-31T18:49:57+00:00</time></trkpt><trkpt lat="51.53744" lon="-0.085697"><ele>23.714987</ele><time>2014-07-31T18:49:58+00:00</time></trkpt><trkpt lat="51.53745" lon="-0.085633"><ele>23.662489</ele><time>2014-07-31T18:49:59+00:00</time></trkpt><trkpt lat="51.537457" lon="-0.085571"><ele>23.609247</ele><time>2014-07-31T18:50:00+00:00</time></trkpt><trkpt lat="51.537464" lon="-0.085511"><ele>23.535076</ele><time>2014-07-31T18:50:01+00:00</time></trkpt><trkpt lat="51.53747" lon="-0.085451"><ele>23.45626</ele><time>2014-07-31T18:50:02+00:00</time></trkpt><trkpt lat="51.53748" lon="-0.085391"><ele>23.412395</ele><time>2014-07-31T18:50:03+00:00</time></trkpt><trkpt lat="51.53749" lon="-0.085332"><ele>23.36675</ele><time>2014-07-31T18:50:04+00:00</time></trkpt><trkpt lat="51.5375" lon="-0.085273"><ele>23.314293</ele><time>2014-07-31T18:50:05+00:00</time></trkpt><trkpt lat="51.53751" lon="-0.085213"><ele>23.234705</ele><time>2014-07-31T18:50:06+00:00</time></trkpt><trkpt lat="51.53752" lon="-0.085152"><ele>23.151436</ele><time>2014-07-31T18:50:07+00:00</time></trkpt><trkpt lat="51.53753" lon="-0.085091"><ele>23.068554</ele><time>2014-07-31T18:50:08+00:00</time></trkpt><trkpt lat="51.537537" lon="-0.08503"><ele>22.986122</ele><time>2014-07-31T18:50:09+00:00</time></trkpt><trkpt lat="51.537544" lon="-0.084968"><ele>22.943974</ele><time>2014-07-31T18:50:10+00:00</time></trkpt><trkpt lat="51.53755" lon="-0.084905"><ele>22.94229</ele><time>2014-07-31T18:50:11+00:00</time></trkpt><trkpt lat="51.537556" lon="-0.084843"><ele>22.941975</ele><time>2014-07-31T18:50:12+00:00</time></trkpt><trkpt lat="51.537563" lon="-0.08478"><ele>22.940445</ele><time>2014-07-31T18:50:13+00:00</time></trkpt><trkpt lat="51.537567" lon="-0.084717"><ele>22.940477</ele><time>2014-07-31T18:50:14+00:00</time></trkpt><trkpt lat="51.537575" lon="-0.084654"><ele>22.94075</ele><time>2014-07-31T18:50:15+00:00</time></trkpt><trkpt lat="51.537582" lon="-0.084592"><ele>22.940779</ele><time>2014-07-31T18:50:16+00:00</time></trkpt><trkpt lat="51.537594" lon="-0.08453"><ele>22.941133</ele><time>2014-07-31T18:50:17+00:00</time></trkpt><trkpt lat="51.5376" lon="-0.084468"><ele>22.93921</ele><time>2014-07-31T18:50:18+00:00</time></trkpt><trkpt lat="51.537605" lon="-0.084406"><ele>22.935236</ele><time>2014-07-31T18:50:19+00:00</time></trkpt><trkpt lat="51.53761" lon="-0.084344"><ele>22.9333</ele><time>2014-07-31T18:50:20+00:00</time></trkpt><trkpt lat="51.537605" lon="-0.084283"><ele>22.935965</ele><time>2014-07-31T18:50:21+00:00</time></trkpt><trkpt lat="51.5376" lon="-0.084222"><ele>22.937233</ele><time>2014-07-31T18:50:22+00:00</time></trkpt><trkpt lat="51.537598" lon="-0.084162"><ele>22.958862</ele><time>2014-07-31T18:50:23+00:00</time></trkpt><trkpt lat="51.537594" lon="-0.084105"><ele>23.022444</ele><time>2014-07-31T18:50:24+00:00</time></trkpt><trkpt lat="51.53759" lon="-0.084048"><ele>23.110786</ele><time>2014-07-31T18:50:25+00:00</time></trkpt><trkpt lat="51.537582" lon="-0.083992"><ele>23.171589</ele><time>2014-07-31T18:50:26+00:00</time></trkpt><trkpt lat="51.537575" lon="-0.083934"><ele>23.240744</ele><time>2014-07-31T18:50:27+00:00</time></trkpt><trkpt lat="51.537563" lon="-0.083875"><ele>23.333946</ele><time>2014-07-31T18:50:28+00:00</time></trkpt><trkpt lat="51.53755" lon="-0.083815"><ele>23.414104</ele><time>2014-07-31T18:50:29+00:00</time></trkpt><trkpt lat="51.53754" lon="-0.083755"><ele>23.486746</ele><time>2014-07-31T18:50:30+00:00</time></trkpt><trkpt lat="51.53753" lon="-0.083695"><ele>23.561373</ele><time>2014-07-31T18:50:31+00:00</time></trkpt><trkpt lat="51.537518" lon="-0.083638"><ele>23.625885</ele><time>2014-07-31T18:50:32+00:00</time></trkpt><trkpt lat="51.537506" lon="-0.083584"><ele>23.678432</ele><time>2014-07-31T18:50:33+00:00</time></trkpt><trkpt lat="51.5375" lon="-0.08353"><ele>23.727346</ele><time>2014-07-31T18:50:34+00:00</time></trkpt><trkpt lat="51.53749" lon="-0.083475"><ele>23.784855</ele><time>2014-07-31T18:50:35+00:00</time></trkpt><trkpt lat="51.537483" lon="-0.083415"><ele>23.840662</ele><time>2014-07-31T18:50:36+00:00</time></trkpt><trkpt lat="51.53748" lon="-0.083353"><ele>23.898853</ele><time>2014-07-31T18:50:37+00:00</time></trkpt><trkpt lat="51.53747" lon="-0.08329"><ele>23.904306</ele><time>2014-07-31T18:50:38+00:00</time></trkpt><trkpt lat="51.53746" lon="-0.083227"><ele>23.864027</ele><time>2014-07-31T18:50:39+00:00</time></trkpt><trkpt lat="51.537453" lon="-0.083164"><ele>23.833588</ele><time>2014-07-31T18:50:40+00:00</time></trkpt><trkpt lat="51.537445" lon="-0.083097"><ele>23.798964</ele><time>2014-07-31T18:50:41+00:00</time></trkpt><trkpt lat="51.53744" lon="-0.083026"><ele>23.782806</ele><time>2014-07-31T18:50:42+00:00</time></trkpt><trkpt lat="51.53744" lon="-0.082957"><ele>23.764824</ele><time>2014-07-31T18:50:43+00:00</time></trkpt><trkpt lat="51.537434" lon="-0.082895"><ele>23.696976</ele><time>2014-07-31T18:50:44+00:00</time></trkpt><trkpt lat="51.537426" lon="-0.082838"><ele>23.626755</ele><time>2014-07-31T18:50:45+00:00</time></trkpt><trkpt lat="51.537415" lon="-0.082782"><ele>23.575838</ele><time>2014-07-31T18:50:46+00:00</time></trkpt><trkpt lat="51.537407" lon="-0.082725"><ele>23.437494</ele><time>2014-07-31T18:50:47+00:00</time></trkpt><trkpt lat="51.5374" lon="-0.082664"><ele>23.371645</ele><time>2014-07-31T18:50:48+00:00</time></trkpt><trkpt lat="51.53739" lon="-0.082602"><ele>23.409231</ele><time>2014-07-31T18:50:49+00:00</time></trkpt><trkpt lat="51.53738" lon="-0.082537"><ele>23.390718</ele><time>2014-07-31T18:50:50+00:00</time></trkpt><trkpt lat="51.53737" lon="-0.082471"><ele>23.304935</ele><time>2014-07-31T18:50:51+00:00</time></trkpt><trkpt lat="51.537354" lon="-0.082407"><ele>23.334507</ele><time>2014-07-31T18:50:52+00:00</time></trkpt><trkpt lat="51.537342" lon="-0.082345"><ele>23.310728</ele><time>2014-07-31T18:50:53+00:00</time></trkpt><trkpt lat="51.53733" lon="-0.082283"><ele>23.256792</ele><time>2014-07-31T18:50:54+00:00</time></trkpt><trkpt lat="51.53732" lon="-0.08222"><ele>23.226889</ele><time>2014-07-31T18:50:55+00:00</time></trkpt><trkpt lat="51.537304" lon="-0.082153"><ele>23.120686</ele><time>2014-07-31T18:50:56+00:00</time></trkpt><trkpt lat="51.53729" lon="-0.082086"><ele>23.040085</ele><time>2014-07-31T18:50:57+00:00</time></trkpt><trkpt lat="51.53727" lon="-0.082024"><ele>22.99548</ele><time>2014-07-31T18:50:58+00:00</time></trkpt><trkpt lat="51.53725" lon="-0.081971"><ele>22.956366</ele><time>2014-07-31T18:50:59+00:00</time></trkpt><trkpt lat="51.537228" lon="-0.08192"><ele>22.922512</ele><time>2014-07-31T18:51:00+00:00</time></trkpt><trkpt lat="51.537205" lon="-0.081863"><ele>22.863422</ele><time>2014-07-31T18:51:01+00:00</time></trkpt><trkpt lat="51.53718" lon="-0.081796"><ele>22.8057</ele><time>2014-07-31T18:51:02+00:00</time></trkpt><trkpt lat="51.537163" lon="-0.081726"><ele>22.751228</ele><time>2014-07-31T18:51:03+00:00</time></trkpt><trkpt lat="51.53715" lon="-0.081664"><ele>22.740932</ele><time>2014-07-31T18:51:04+00:00</time></trkpt><trkpt lat="51.53715" lon="-0.081617"><ele>22.777102</ele><time>2014-07-31T18:51:05+00:00</time></trkpt><trkpt lat="51.537155" lon="-0.081577"><ele>22.808481</ele><time>2014-07-31T18:51:06+00:00</time></trkpt><trkpt lat="51.53715" lon="-0.081532"><ele>22.777102</ele><time>2014-07-31T18:51:07+00:00</time></trkpt><trkpt lat="51.53714" lon="-0.081483"><ele>22.740932</ele><time>2014-07-31T18:51:08+00:00</time></trkpt><trkpt lat="51.537125" lon="-0.081429"><ele>22.740932</ele><time>2014-07-31T18:51:09+00:00</time></trkpt><trkpt lat="51.537106" lon="-0.081373"><ele>22.777102</ele><time>2014-07-31T18:51:10+00:00</time></trkpt><trkpt lat="51.537083" lon="-0.081315"><ele>22.835634</ele><time>2014-07-31T18:51:11+00:00</time></trkpt><trkpt lat="51.537056" lon="-0.081257"><ele>22.808481</ele><time>2014-07-31T18:51:12+00:00</time></trkpt><trkpt lat="51.537033" lon="-0.081199"><ele>22.777102</ele><time>2014-07-31T18:51:13+00:00</time></trkpt><trkpt lat="51.53702" lon="-0.081138"><ele>22.740932</ele><time>2014-07-31T18:51:14+00:00</time></trkpt><trkpt lat="51.53702" lon="-0.081074"><ele>22.835634</ele><time>2014-07-31T18:51:15+00:00</time></trkpt><trkpt lat="51.53702" lon="-0.081018"><ele>22.911615</ele><time>2014-07-31T18:51:16+00:00</time></trkpt><trkpt lat="51.537014" lon="-0.080964"><ele>22.952904</ele><time>2014-07-31T18:51:17+00:00</time></trkpt><trkpt lat="51.536995" lon="-0.080905"><ele>22.959797</ele><time>2014-07-31T18:51:18+00:00</time></trkpt><trkpt lat="51.53698" lon="-0.080843"><ele>22.981834</ele><time>2014-07-31T18:51:19+00:00</time></trkpt><trkpt lat="51.53696" lon="-0.080778"><ele>22.921238</ele><time>2014-07-31T18:51:20+00:00</time></trkpt><trkpt lat="51.536945" lon="-0.080712"><ele>22.844662</ele><time>2014-07-31T18:51:21+00:00</time></trkpt><trkpt lat="51.536934" lon="-0.080646"><ele>22.766203</ele><time>2014-07-31T18:51:22+00:00</time></trkpt><trkpt lat="51.53692" lon="-0.080581"><ele>22.691153</ele><time>2014-07-31T18:51:23+00:00</time></trkpt><trkpt lat="51.536907" lon="-0.080517"><ele>22.614798</ele><time>2014-07-31T18:51:24+00:00</time></trkpt><trkpt lat="51.536896" lon="-0.080456"><ele>22.541092</ele><time>2014-07-31T18:51:25+00:00</time></trkpt><trkpt lat="51.53688" lon="-0.080396"><ele>22.467375</ele><time>2014-07-31T18:51:26+00:00</time></trkpt><trkpt lat="51.53687" lon="-0.080338"><ele>22.3983</ele><time>2014-07-31T18:51:27+00:00</time></trkpt><trkpt lat="51.536854" lon="-0.080281"><ele>22.330381</ele><time>2014-07-31T18:51:28+00:00</time></trkpt><trkpt lat="51.53684" lon="-0.080223"><ele>22.262178</ele><time>2014-07-31T18:51:29+00:00</time></trkpt><trkpt lat="51.536827" lon="-0.080165"><ele>22.19369</ele><time>2014-07-31T18:51:30+00:00</time></trkpt><trkpt lat="51.53681" lon="-0.080106"><ele>22.123777</ele><time>2014-07-31T18:51:31+00:00</time></trkpt><trkpt lat="51.536797" lon="-0.080046"><ele>22.052486</ele><time>2014-07-31T18:51:32+00:00</time></trkpt><trkpt lat="51.536785" lon="-0.079984"><ele>21.99513</ele><time>2014-07-31T18:51:33+00:00</time></trkpt><trkpt lat="51.536774" lon="-0.079921"><ele>21.99743</ele><time>2014-07-31T18:51:34+00:00</time></trkpt><trkpt lat="51.536766" lon="-0.079854"><ele>21.998135</ele><time>2014-07-31T18:51:35+00:00</time></trkpt><trkpt lat="51.53676" lon="-0.079786"><ele>21.99841</ele><time>2014-07-31T18:51:36+00:00</time></trkpt><trkpt lat="51.536755" lon="-0.079716"><ele>21.998846</ele><time>2014-07-31T18:51:37+00:00</time></trkpt><trkpt lat="51.53675" lon="-0.079645"><ele>21.999016</ele><time>2014-07-31T18:51:38+00:00</time></trkpt><trkpt lat="51.53675" lon="-0.079574"><ele>21.999016</ele><time>2014-07-31T18:51:39+00:00</time></trkpt><trkpt lat="51.536747" lon="-0.079505"><ele>21.999285</ele><time>2014-07-31T18:51:40+00:00</time></trkpt><trkpt lat="51.536743" lon="-0.079439"><ele>21.999285</ele><time>2014-07-31T18:51:41+00:00</time></trkpt><trkpt lat="51.53674" lon="-0.079374"><ele>21.998846</ele><time>2014-07-31T18:51:42+00:00</time></trkpt><trkpt lat="51.536736" lon="-0.07931"><ele>21.998846</ele><time>2014-07-31T18:51:43+00:00</time></trkpt><trkpt lat="51.536728" lon="-0.079248"><ele>21.999016</ele><time>2014-07-31T18:51:44+00:00</time></trkpt><trkpt lat="51.536716" lon="-0.079186"><ele>21.99841</ele><time>2014-07-31T18:51:45+00:00</time></trkpt><trkpt lat="51.5367" lon="-0.079123"><ele>21.999016</ele><time>2014-07-31T18:51:46+00:00</time></trkpt><trkpt lat="51.536682" lon="-0.07906"><ele>21.999016</ele><time>2014-07-31T18:51:47+00:00</time></trkpt><trkpt lat="51.53666" lon="-0.078997"><ele>22.00581</ele><time>2014-07-31T18:51:48+00:00</time></trkpt><trkpt lat="51.53664" lon="-0.078932"><ele>22.02961</ele><time>2014-07-31T18:51:49+00:00</time></trkpt><trkpt lat="51.53663" lon="-0.078866"><ele>22.046179</ele><time>2014-07-31T18:51:50+00:00</time></trkpt><trkpt lat="51.536617" lon="-0.078799"><ele>22.055977</ele><time>2014-07-31T18:51:51+00:00</time></trkpt><trkpt lat="51.53662" lon="-0.078731"><ele>22.05478</ele><time>2014-07-31T18:51:52+00:00</time></trkpt><trkpt lat="51.536625" lon="-0.078662"><ele>22.048328</ele><time>2014-07-31T18:51:53+00:00</time></trkpt><trkpt lat="51.53663" lon="-0.078593"><ele>22.044735</ele><time>2014-07-31T18:51:54+00:00</time></trkpt><trkpt lat="51.53663" lon="-0.078524"><ele>22.044907</ele><time>2014-07-31T18:51:55+00:00</time></trkpt><trkpt lat="51.536625" lon="-0.078457"><ele>22.049236</ele><time>2014-07-31T18:51:56+00:00</time></trkpt><trkpt lat="51.536625" lon="-0.078392"><ele>22.048038</ele><time>2014-07-31T18:51:57+00:00</time></trkpt><trkpt lat="51.536636" lon="-0.07833"><ele>22.035297</ele><time>2014-07-31T18:51:58+00:00</time></trkpt><trkpt lat="51.536648" lon="-0.078262"><ele>22.02461</ele><time>2014-07-31T18:51:59+00:00</time></trkpt><trkpt lat="51.53665" lon="-0.078189"><ele>22.018385</ele><time>2014-07-31T18:52:00+00:00</time></trkpt><trkpt lat="51.53666" lon="-0.07813"><ele>22.01194</ele><time>2014-07-31T18:52:01+00:00</time></trkpt><trkpt lat="51.53666" lon="-0.078082"><ele>22.008005</ele><time>2014-07-31T18:52:02+00:00</time></trkpt><trkpt lat="51.53666" lon="-0.078037"><ele>22.011475</ele><time>2014-07-31T18:52:03+00:00</time></trkpt><trkpt lat="51.53665" lon="-0.077986"><ele>22.025244</ele><time>2014-07-31T18:52:04+00:00</time></trkpt><trkpt lat="51.53664" lon="-0.077929"><ele>22.045858</ele><time>2014-07-31T18:52:05+00:00</time></trkpt><trkpt lat="51.53663" lon="-0.07787"><ele>22.067013</ele><time>2014-07-31T18:52:06+00:00</time></trkpt><trkpt lat="51.536625" lon="-0.077811"><ele>22.08182</ele><time>2014-07-31T18:52:07+00:00</time></trkpt><trkpt lat="51.53662" lon="-0.077752"><ele>22.093576</ele><time>2014-07-31T18:52:08+00:00</time></trkpt><trkpt lat="51.536617" lon="-0.077692"><ele>22.103962</ele><time>2014-07-31T18:52:09+00:00</time></trkpt><trkpt lat="51.536613" lon="-0.077632"><ele>22.115091</ele><time>2014-07-31T18:52:10+00:00</time></trkpt><trkpt lat="51.53661" lon="-0.077572"><ele>22.128809</ele><time>2014-07-31T18:52:11+00:00</time></trkpt><trkpt lat="51.536606" lon="-0.077511"><ele>22.142801</ele><time>2014-07-31T18:52:12+00:00</time></trkpt><trkpt lat="51.536606" lon="-0.077451"><ele>22.098022</ele><time>2014-07-31T18:52:13+00:00</time></trkpt><trkpt lat="51.536602" lon="-0.077391"><ele>22.039307</ele><time>2014-07-31T18:52:14+00:00</time></trkpt><trkpt lat="51.536606" lon="-0.07733"><ele>21.974571</ele><time>2014-07-31T18:52:15+00:00</time></trkpt><trkpt lat="51.536606" lon="-0.077271"><ele>21.911104</ele><time>2014-07-31T18:52:16+00:00</time></trkpt><trkpt lat="51.536602" lon="-0.077211"><ele>21.858608</ele><time>2014-07-31T18:52:17+00:00</time></trkpt><trkpt lat="51.53659" lon="-0.077153"><ele>21.834412</ele><time>2014-07-31T18:52:18+00:00</time></trkpt><trkpt lat="51.53658" lon="-0.077098"><ele>21.828934</ele><time>2014-07-31T18:52:19+00:00</time></trkpt><trkpt lat="51.536568" lon="-0.077047"><ele>21.825228</ele><time>2014-07-31T18:52:20+00:00</time></trkpt><trkpt lat="51.536556" lon="-0.077003"><ele>21.815874</ele><time>2014-07-31T18:52:21+00:00</time></trkpt><trkpt lat="51.536552" lon="-0.07696"><ele>21.80001</ele><time>2014-07-31T18:52:22+00:00</time></trkpt><trkpt lat="51.536545" lon="-0.076912"><ele>21.781977</ele><time>2014-07-31T18:52:23+00:00</time></trkpt><trkpt lat="51.536537" lon="-0.076855"><ele>21.771769</ele><time>2014-07-31T18:52:24+00:00</time></trkpt><trkpt lat="51.536526" lon="-0.07679"><ele>21.766966</ele><time>2014-07-31T18:52:25+00:00</time></trkpt><trkpt lat="51.536514" lon="-0.076721"><ele>21.771358</ele><time>2014-07-31T18:52:26+00:00</time></trkpt><trkpt lat="51.5365" lon="-0.076653"><ele>21.786804</ele><time>2014-07-31T18:52:27+00:00</time></trkpt><trkpt lat="51.536484" lon="-0.076585"><ele>21.770123</ele><time>2014-07-31T18:52:28+00:00</time></trkpt><trkpt lat="51.536476" lon="-0.076518"><ele>21.734472</ele><time>2014-07-31T18:52:29+00:00</time></trkpt><trkpt lat="51.536472" lon="-0.076451"><ele>21.666416</ele><time>2014-07-31T18:52:30+00:00</time></trkpt><trkpt lat="51.536472" lon="-0.076384"><ele>21.577206</ele><time>2014-07-31T18:52:31+00:00</time></trkpt><trkpt lat="51.536476" lon="-0.076318"><ele>21.490252</ele><time>2014-07-31T18:52:32+00:00</time></trkpt><trkpt lat="51.536476" lon="-0.07625"><ele>21.400505</ele><time>2014-07-31T18:52:33+00:00</time></trkpt><trkpt lat="51.536476" lon="-0.076184"><ele>21.321692</ele><time>2014-07-31T18:52:34+00:00</time></trkpt><trkpt lat="51.536476" lon="-0.076119"><ele>21.247175</ele><time>2014-07-31T18:52:35+00:00</time></trkpt><trkpt lat="51.536472" lon="-0.076059"><ele>21.188927</ele><time>2014-07-31T18:52:36+00:00</time></trkpt><trkpt lat="51.536472" lon="-0.076004"><ele>21.139397</ele><time>2014-07-31T18:52:37+00:00</time></trkpt><trkpt lat="51.536465" lon="-0.075955"><ele>21.10541</ele><time>2014-07-31T18:52:38+00:00</time></trkpt><trkpt lat="51.53646" lon="-0.075907"><ele>21.077726</ele><time>2014-07-31T18:52:39+00:00</time></trkpt><trkpt lat="51.53645" lon="-0.075854"><ele>21.056393</ele><time>2014-07-31T18:52:40+00:00</time></trkpt><trkpt lat="51.536438" lon="-0.075792"><ele>21.026667</ele><time>2014-07-31T18:52:41+00:00</time></trkpt><trkpt lat="51.536427" lon="-0.075725"><ele>20.979671</ele><time>2014-07-31T18:52:42+00:00</time></trkpt><trkpt lat="51.536423" lon="-0.075658"><ele>20.904858</ele><time>2014-07-31T18:52:43+00:00</time></trkpt><trkpt lat="51.536423" lon="-0.075596"><ele>20.804724</ele><time>2014-07-31T18:52:44+00:00</time></trkpt><trkpt lat="51.536423" lon="-0.075536"><ele>20.71638</ele><time>2014-07-31T18:52:45+00:00</time></trkpt><trkpt lat="51.53641" lon="-0.075475"><ele>20.659716</ele><time>2014-07-31T18:52:46+00:00</time></trkpt><trkpt lat="51.536407" lon="-0.075413"><ele>20.583645</ele><time>2014-07-31T18:52:47+00:00</time></trkpt><trkpt lat="51.536407" lon="-0.075349"><ele>20.487125</ele><time>2014-07-31T18:52:48+00:00</time></trkpt><trkpt lat="51.536404" lon="-0.075285"><ele>20.390244</ele><time>2014-07-31T18:52:49+00:00</time></trkpt><trkpt lat="51.536404" lon="-0.075222"><ele>20.298662</ele><time>2014-07-31T18:52:50+00:00</time></trkpt><trkpt lat="51.5364" lon="-0.07516"><ele>20.220278</ele><time>2014-07-31T18:52:51+00:00</time></trkpt><trkpt lat="51.536392" lon="-0.075098"><ele>20.144112</ele><time>2014-07-31T18:52:52+00:00</time></trkpt><trkpt lat="51.536385" lon="-0.075036"><ele>20.070826</ele><time>2014-07-31T18:52:53+00:00</time></trkpt><trkpt lat="51.536377" lon="-0.074974"><ele>20.07883</ele><time>2014-07-31T18:52:54+00:00</time></trkpt><trkpt lat="51.53637" lon="-0.074911"><ele>20.200684</ele><time>2014-07-31T18:52:55+00:00</time></trkpt><trkpt lat="51.536366" lon="-0.074847"><ele>20.31855</ele><time>2014-07-31T18:52:56+00:00</time></trkpt><trkpt lat="51.536358" lon="-0.074783"><ele>20.433458</ele><time>2014-07-31T18:52:57+00:00</time></trkpt><trkpt lat="51.536354" lon="-0.074718"><ele>20.545925</ele><time>2014-07-31T18:52:58+00:00</time></trkpt><trkpt lat="51.53635" lon="-0.074654"><ele>20.650286</ele><time>2014-07-31T18:52:59+00:00</time></trkpt><trkpt lat="51.536346" lon="-0.074589"><ele>20.753756</ele><time>2014-07-31T18:53:00+00:00</time></trkpt><trkpt lat="51.536343" lon="-0.074525"><ele>20.854591</ele><time>2014-07-31T18:53:01+00:00</time></trkpt><trkpt lat="51.53634" lon="-0.074462"><ele>20.952524</ele><time>2014-07-31T18:53:02+00:00</time></trkpt><trkpt lat="51.53633" lon="-0.074399"><ele>21.054958</ele><time>2014-07-31T18:53:03+00:00</time></trkpt><trkpt lat="51.53632" lon="-0.074337"><ele>21.158533</ele><time>2014-07-31T18:53:04+00:00</time></trkpt><trkpt lat="51.536312" lon="-0.074274"><ele>21.255522</ele><time>2014-07-31T18:53:05+00:00</time></trkpt><trkpt lat="51.53631" lon="-0.074208"><ele>21.342808</ele><time>2014-07-31T18:53:06+00:00</time></trkpt><trkpt lat="51.53631" lon="-0.074142"><ele>21.426472</ele><time>2014-07-31T18:53:07+00:00</time></trkpt><trkpt lat="51.536304" lon="-0.074077"><ele>21.514862</ele><time>2014-07-31T18:53:08+00:00</time></trkpt><trkpt lat="51.5363" lon="-0.074012"><ele>21.609715</ele><time>2014-07-31T18:53:09+00:00</time></trkpt><trkpt lat="51.536297" lon="-0.073949"><ele>21.694588</ele><time>2014-07-31T18:53:10+00:00</time></trkpt><trkpt lat="51.53629" lon="-0.073886"><ele>21.76946</ele><time>2014-07-31T18:53:11+00:00</time></trkpt><trkpt lat="51.536285" lon="-0.073824"><ele>21.837843</ele><time>2014-07-31T18:53:12+00:00</time></trkpt><trkpt lat="51.53628" lon="-0.073761"><ele>21.9246</ele><time>2014-07-31T18:53:13+00:00</time></trkpt><trkpt lat="51.53628" lon="-0.073698"><ele>22.018528</ele><time>2014-07-31T18:53:14+00:00</time></trkpt><trkpt lat="51.536278" lon="-0.073635"><ele>22.10257</ele><time>2014-07-31T18:53:15+00:00</time></trkpt><trkpt lat="51.536278" lon="-0.073571"><ele>22.171978</ele><time>2014-07-31T18:53:16+00:00</time></trkpt><trkpt lat="51.536274" lon="-0.073507"><ele>22.237215</ele><time>2014-07-31T18:53:17+00:00</time></trkpt><trkpt lat="51.53627" lon="-0.073443"><ele>22.281685</ele><time>2014-07-31T18:53:18+00:00</time></trkpt><trkpt lat="51.53627" lon="-0.073379"><ele>22.35101</ele><time>2014-07-31T18:53:19+00:00</time></trkpt><trkpt lat="51.536266" lon="-0.073314"><ele>22.35395</ele><time>2014-07-31T18:53:20+00:00</time></trkpt><trkpt lat="51.53626" lon="-0.07325"><ele>22.372164</ele><time>2014-07-31T18:53:21+00:00</time></trkpt><trkpt lat="51.536255" lon="-0.073186"><ele>22.385855</ele><time>2014-07-31T18:53:21+00:00</time></trkpt><trkpt lat="51.536247" lon="-0.073123"><ele>22.379482</ele><time>2014-07-31T18:53:22+00:00</time></trkpt><trkpt lat="51.536243" lon="-0.073061"><ele>22.405636</ele><time>2014-07-31T18:53:23+00:00</time></trkpt><trkpt lat="51.536236" lon="-0.073"><ele>22.41143</ele><time>2014-07-31T18:53:24+00:00</time></trkpt><trkpt lat="51.536232" lon="-0.07294"><ele>22.416418</ele><time>2014-07-31T18:53:25+00:00</time></trkpt><trkpt lat="51.53623" lon="-0.072881"><ele>22.410784</ele><time>2014-07-31T18:53:26+00:00</time></trkpt><trkpt lat="51.536224" lon="-0.072823"><ele>22.395824</ele><time>2014-07-31T18:53:27+00:00</time></trkpt><trkpt lat="51.53622" lon="-0.072767"><ele>22.36508</ele><time>2014-07-31T18:53:28+00:00</time></trkpt><trkpt lat="51.536217" lon="-0.072709"><ele>22.37592</ele><time>2014-07-31T18:53:29+00:00</time></trkpt><trkpt lat="51.536213" lon="-0.07265"><ele>22.383549</ele><time>2014-07-31T18:53:30+00:00</time></trkpt><trkpt lat="51.536205" lon="-0.072586"><ele>22.388224</ele><time>2014-07-31T18:53:31+00:00</time></trkpt><trkpt lat="51.5362" lon="-0.072521"><ele>22.371262</ele><time>2014-07-31T18:53:32+00:00</time></trkpt><trkpt lat="51.536194" lon="-0.072458"><ele>22.410412</ele><time>2014-07-31T18:53:33+00:00</time></trkpt><trkpt lat="51.53619" lon="-0.072399"><ele>22.422447</ele><time>2014-07-31T18:53:34+00:00</time></trkpt><trkpt lat="51.536182" lon="-0.072344"><ele>22.45117</ele><time>2014-07-31T18:53:35+00:00</time></trkpt><trkpt lat="51.536175" lon="-0.072292"><ele>22.4656</ele><time>2014-07-31T18:53:36+00:00</time></trkpt><trkpt lat="51.536163" lon="-0.072243"><ele>22.455265</ele><time>2014-07-31T18:53:37+00:00</time></trkpt><trkpt lat="51.53615" lon="-0.072195"><ele>22.477598</ele><time>2014-07-31T18:53:38+00:00</time></trkpt><trkpt lat="51.536137" lon="-0.072147"><ele>22.549175</ele><time>2014-07-31T18:53:39+00:00</time></trkpt><trkpt lat="51.536118" lon="-0.072099"><ele>22.594624</ele><time>2014-07-31T18:53:40+00:00</time></trkpt><trkpt lat="51.536095" lon="-0.072051"><ele>22.63635</ele><time>2014-07-31T18:53:41+00:00</time></trkpt><trkpt lat="51.536076" lon="-0.072001"><ele>22.665928</ele><time>2014-07-31T18:53:42+00:00</time></trkpt><trkpt lat="51.536057" lon="-0.071951"><ele>22.690874</ele><time>2014-07-31T18:53:43+00:00</time></trkpt><trkpt lat="51.536045" lon="-0.071899"><ele>22.730108</ele><time>2014-07-31T18:53:44+00:00</time></trkpt><trkpt lat="51.53604" lon="-0.071846"><ele>22.803923</ele><time>2014-07-31T18:53:45+00:00</time></trkpt><trkpt lat="51.53604" lon="-0.071793"><ele>22.837057</ele><time>2014-07-31T18:53:46+00:00</time></trkpt><trkpt lat="51.53605" lon="-0.071739"><ele>22.864628</ele><time>2014-07-31T18:53:47+00:00</time></trkpt><trkpt lat="51.536057" lon="-0.071685"><ele>22.882164</ele><time>2014-07-31T18:53:48+00:00</time></trkpt><trkpt lat="51.536064" lon="-0.07163"><ele>22.835634</ele><time>2014-07-31T18:53:49+00:00</time></trkpt><trkpt lat="51.53607" lon="-0.071574"><ele>22.835634</ele><time>2014-07-31T18:53:50+00:00</time></trkpt><trkpt lat="51.53607" lon="-0.071514"><ele>22.835634</ele><time>2014-07-31T18:53:51+00:00</time></trkpt><trkpt lat="51.53607" lon="-0.071453"><ele>22.808481</ele><time>2014-07-31T18:53:52+00:00</time></trkpt><trkpt lat="51.536068" lon="-0.07139"><ele>22.777102</ele><time>2014-07-31T18:53:53+00:00</time></trkpt><trkpt lat="51.536064" lon="-0.071327"><ele>22.740932</ele><time>2014-07-31T18:53:54+00:00</time></trkpt><trkpt lat="51.536057" lon="-0.071264"><ele>22.808481</ele><time>2014-07-31T18:53:55+00:00</time></trkpt><trkpt lat="51.53605" lon="-0.071203"><ele>22.808481</ele><time>2014-07-31T18:53:56+00:00</time></trkpt><trkpt lat="51.53604" lon="-0.071143"><ele>22.808481</ele><time>2014-07-31T18:53:57+00:00</time></trkpt><trkpt lat="51.536034" lon="-0.071086"><ele>22.808481</ele><time>2014-07-31T18:53:58+00:00</time></trkpt><trkpt lat="51.53603" lon="-0.071029"><ele>22.835634</ele><time>2014-07-31T18:53:59+00:00</time></trkpt><trkpt lat="51.536022" lon="-0.070973"><ele>22.777102</ele><time>2014-07-31T18:54:00+00:00</time></trkpt><trkpt lat="51.53602" lon="-0.070918"><ele>22.835634</ele><time>2014-07-31T18:54:01+00:00</time></trkpt><trkpt lat="51.536015" lon="-0.070862"><ele>22.808481</ele><time>2014-07-31T18:54:02+00:00</time></trkpt><trkpt lat="51.53601" lon="-0.070806"><ele>22.829807</ele><time>2014-07-31T18:54:03+00:00</time></trkpt><trkpt lat="51.536003" lon="-0.070749"><ele>22.791399</ele><time>2014-07-31T18:54:04+00:00</time></trkpt><trkpt lat="51.536003" lon="-0.070692"><ele>22.780317</ele><time>2014-07-31T18:54:05+00:00</time></trkpt><trkpt lat="51.536" lon="-0.070634"><ele>22.73935</ele><time>2014-07-31T18:54:06+00:00</time></trkpt><trkpt lat="51.535995" lon="-0.070575"><ele>22.6947</ele><time>2014-07-31T18:54:07+00:00</time></trkpt><trkpt lat="51.53599" lon="-0.070515"><ele>22.601124</ele><time>2014-07-31T18:54:08+00:00</time></trkpt><trkpt lat="51.535988" lon="-0.070458"><ele>22.59344</ele><time>2014-07-31T18:54:09+00:00</time></trkpt><trkpt lat="51.535984" lon="-0.070403"><ele>22.536594</ele><time>2014-07-31T18:54:10+00:00</time></trkpt><trkpt lat="51.535976" lon="-0.070353"><ele>22.475958</ele><time>2014-07-31T18:54:11+00:00</time></trkpt><trkpt lat="51.535965" lon="-0.070303"><ele>22.336767</ele><time>2014-07-31T18:54:12+00:00</time></trkpt><trkpt lat="51.535957" lon="-0.07025"><ele>22.253391</ele><time>2014-07-31T18:54:13+00:00</time></trkpt><trkpt lat="51.535954" lon="-0.07019"><ele>22.160324</ele><time>2014-07-31T18:54:14+00:00</time></trkpt><trkpt lat="51.53595" lon="-0.070125"><ele>22.15748</ele><time>2014-07-31T18:54:15+00:00</time></trkpt><trkpt lat="51.535946" lon="-0.07006"><ele>22.563354</ele><time>2014-07-31T18:54:16+00:00</time></trkpt><trkpt lat="51.535946" lon="-0.069998"><ele>22.635426</ele><time>2014-07-31T18:54:17+00:00</time></trkpt><trkpt lat="51.53595" lon="-0.069941"><ele>22.685205</ele><time>2014-07-31T18:54:18+00:00</time></trkpt><trkpt lat="51.535954" lon="-0.069889"><ele>22.774147</ele><time>2014-07-31T18:54:19+00:00</time></trkpt><trkpt lat="51.535954" lon="-0.069834"><ele>22.761297</ele><time>2014-07-31T18:54:20+00:00</time></trkpt><trkpt lat="51.535957" lon="-0.069775"><ele>22.736635</ele><time>2014-07-31T18:54:21+00:00</time></trkpt><trkpt lat="51.53596" lon="-0.069714"><ele>22.734009</ele><time>2014-07-31T18:54:22+00:00</time></trkpt><trkpt lat="51.53596" lon="-0.069653"><ele>22.729256</ele><time>2014-07-31T18:54:23+00:00</time></trkpt><trkpt lat="51.535965" lon="-0.069591"><ele>22.714958</ele><time>2014-07-31T18:54:24+00:00</time></trkpt><trkpt lat="51.53596" lon="-0.069531"><ele>22.697332</ele><time>2014-07-31T18:54:25+00:00</time></trkpt><trkpt lat="51.53596" lon="-0.069471"><ele>22.692326</ele><time>2014-07-31T18:54:26+00:00</time></trkpt><trkpt lat="51.535954" lon="-0.069412"><ele>22.693756</ele><time>2014-07-31T18:54:27+00:00</time></trkpt><trkpt lat="51.53595" lon="-0.069353"><ele>22.696146</ele><time>2014-07-31T18:54:28+00:00</time></trkpt><trkpt lat="51.535942" lon="-0.069296"><ele>22.691683</ele><time>2014-07-31T18:54:29+00:00</time></trkpt><trkpt lat="51.535934" lon="-0.069238"><ele>22.633184</ele><time>2014-07-31T18:54:30+00:00</time></trkpt><trkpt lat="51.53593" lon="-0.069181"><ele>22.612259</ele><time>2014-07-31T18:54:31+00:00</time></trkpt><trkpt lat="51.53593" lon="-0.069124"><ele>22.546535</ele><time>2014-07-31T18:54:32+00:00</time></trkpt><trkpt lat="51.535927" lon="-0.069066"><ele>22.465523</ele><time>2014-07-31T18:54:33+00:00</time></trkpt><trkpt lat="51.535923" lon="-0.069007"><ele>22.439932</ele><time>2014-07-31T18:54:34+00:00</time></trkpt><trkpt lat="51.53592" lon="-0.068949"><ele>22.305618</ele><time>2014-07-31T18:54:35+00:00</time></trkpt><trkpt lat="51.535915" lon="-0.068892"><ele>22.089565</ele><time>2014-07-31T18:54:36+00:00</time></trkpt><trkpt lat="51.535908" lon="-0.068837"><ele>22.001328</ele><time>2014-07-31T18:54:37+00:00</time></trkpt><trkpt lat="51.535896" lon="-0.068784"><ele>22.032349</ele><time>2014-07-31T18:54:38+00:00</time></trkpt><trkpt lat="51.535885" lon="-0.068732"><ele>22.053576</ele><time>2014-07-31T18:54:39+00:00</time></trkpt><trkpt lat="51.535877" lon="-0.068679"><ele>22.02297</ele><time>2014-07-31T18:54:40+00:00</time></trkpt><trkpt lat="51.53587" lon="-0.068625"><ele>21.941963</ele><time>2014-07-31T18:54:41+00:00</time></trkpt><trkpt lat="51.535866" lon="-0.068569"><ele>21.942448</ele><time>2014-07-31T18:54:42+00:00</time></trkpt><trkpt lat="51.535866" lon="-0.068511"><ele>21.892939</ele><time>2014-07-31T18:54:43+00:00</time></trkpt><trkpt lat="51.535866" lon="-0.068452"><ele>21.837881</ele><time>2014-07-31T18:54:44+00:00</time></trkpt><trkpt lat="51.535866" lon="-0.068393"><ele>21.779951</ele><time>2014-07-31T18:54:45+00:00</time></trkpt><trkpt lat="51.535866" lon="-0.068333"><ele>21.689783</ele><time>2014-07-31T18:54:46+00:00</time></trkpt><trkpt lat="51.535866" lon="-0.068274"><ele>21.689783</ele><time>2014-07-31T18:54:47+00:00</time></trkpt><trkpt lat="51.535866" lon="-0.068217"><ele>21.654064</ele><time>2014-07-31T18:54:48+00:00</time></trkpt><trkpt lat="51.535862" lon="-0.06816"><ele>21.371641</ele><time>2014-07-31T18:54:49+00:00</time></trkpt><trkpt lat="51.53586" lon="-0.068104"><ele>21.294828</ele><time>2014-07-31T18:54:50+00:00</time></trkpt><trkpt lat="51.535854" lon="-0.068048"><ele>21.380335</ele><time>2014-07-31T18:54:51+00:00</time></trkpt><trkpt lat="51.535854" lon="-0.067994"><ele>21.301414</ele><time>2014-07-31T18:54:52+00:00</time></trkpt><trkpt lat="51.53585" lon="-0.067939"><ele>21.387709</ele><time>2014-07-31T18:54:53+00:00</time></trkpt><trkpt lat="51.535847" lon="-0.067884"><ele>21.306845</ele><time>2014-07-31T18:54:54+00:00</time></trkpt><trkpt lat="51.535847" lon="-0.067825"><ele>21.467184</ele><time>2014-07-31T18:54:55+00:00</time></trkpt><trkpt lat="51.535847" lon="-0.067763"><ele>21.534834</ele><time>2014-07-31T18:54:56+00:00</time></trkpt><trkpt lat="51.535843" lon="-0.067703"><ele>21.537762</ele><time>2014-07-31T18:54:57+00:00</time></trkpt><trkpt lat="51.53584" lon="-0.067649"><ele>21.602789</ele><time>2014-07-31T18:54:58+00:00</time></trkpt><trkpt lat="51.535835" lon="-0.067593"><ele>21.607483</ele><time>2014-07-31T18:54:59+00:00</time></trkpt><trkpt lat="51.535835" lon="-0.067536"><ele>21.609045</ele><time>2014-07-31T18:55:00+00:00</time></trkpt><trkpt lat="51.535835" lon="-0.067477"><ele>21.680477</ele><time>2014-07-31T18:55:01+00:00</time></trkpt><trkpt lat="51.535835" lon="-0.067418"><ele>21.669971</ele><time>2014-07-31T18:55:02+00:00</time></trkpt><trkpt lat="51.535835" lon="-0.06736"><ele>21.646091</ele><time>2014-07-31T18:55:03+00:00</time></trkpt><trkpt lat="51.53583" lon="-0.067303"><ele>21.414713</ele><time>2014-07-31T18:55:04+00:00</time></trkpt><trkpt lat="51.535828" lon="-0.067249"><ele>21.321672</ele><time>2014-07-31T18:55:05+00:00</time></trkpt><trkpt lat="51.53582" lon="-0.067195"><ele>21.559174</ele><time>2014-07-31T18:55:06+00:00</time></trkpt><trkpt lat="51.535816" lon="-0.06714"><ele>21.680298</ele><time>2014-07-31T18:55:07+00:00</time></trkpt><trkpt lat="51.53581" lon="-0.067083"><ele>21.600563</ele><time>2014-07-31T18:55:08+00:00</time></trkpt><trkpt lat="51.53581" lon="-0.067023"><ele>21.62178</ele><time>2014-07-31T18:55:09+00:00</time></trkpt><trkpt lat="51.53581" lon="-0.066961"><ele>21.520235</ele><time>2014-07-31T18:55:10+00:00</time></trkpt><trkpt lat="51.535816" lon="-0.0669"><ele>21.535212</ele><time>2014-07-31T18:55:11+00:00</time></trkpt><trkpt lat="51.535824" lon="-0.06684"><ele>21.260334</ele><time>2014-07-31T18:55:12+00:00</time></trkpt><trkpt lat="51.535824" lon="-0.066785"><ele>21.108511</ele><time>2014-07-31T18:55:13+00:00</time></trkpt><trkpt lat="51.53582" lon="-0.066736"><ele>21.109253</ele><time>2014-07-31T18:55:14+00:00</time></trkpt><trkpt lat="51.535812" lon="-0.066688"><ele>20.95</ele><time>2014-07-31T18:55:15+00:00</time></trkpt><trkpt lat="51.53581" lon="-0.066636"><ele>20.632318</ele><time>2014-07-31T18:55:16+00:00</time></trkpt><trkpt lat="51.535805" lon="-0.066581"><ele>20.47508</ele><time>2014-07-31T18:55:17+00:00</time></trkpt><trkpt lat="51.5358" lon="-0.066524"><ele>20.630392</ele><time>2014-07-31T18:55:18+00:00</time></trkpt><trkpt lat="51.5358" lon="-0.066467"><ele>20.949127</ele><time>2014-07-31T18:55:19+00:00</time></trkpt><trkpt lat="51.535805" lon="-0.066411"><ele>20.948145</ele><time>2014-07-31T18:55:20+00:00</time></trkpt><trkpt lat="51.53581" lon="-0.066358"><ele>20.946775</ele><time>2014-07-31T18:55:21+00:00</time></trkpt><trkpt lat="51.535812" lon="-0.066308"><ele>21.241182</ele><time>2014-07-31T18:55:22+00:00</time></trkpt><trkpt lat="51.53582" lon="-0.066256"><ele>21.49315</ele><time>2014-07-31T18:55:23+00:00</time></trkpt><trkpt lat="51.53582" lon="-0.066199"><ele>21.47596</ele><time>2014-07-31T18:55:24+00:00</time></trkpt><trkpt lat="51.535824" lon="-0.06614"><ele>21.456434</ele><time>2014-07-31T18:55:25+00:00</time></trkpt><trkpt lat="51.535828" lon="-0.066081"><ele>21.435183</ele><time>2014-07-31T18:55:26+00:00</time></trkpt><trkpt lat="51.535835" lon="-0.06602"><ele>21.183613</ele><time>2014-07-31T18:55:27+00:00</time></trkpt><trkpt lat="51.53584" lon="-0.065959"><ele>21.16167</ele><time>2014-07-31T18:55:28+00:00</time></trkpt><trkpt lat="51.535843" lon="-0.065898"><ele>21.34428</ele><time>2014-07-31T18:55:29+00:00</time></trkpt><trkpt lat="51.535847" lon="-0.065839"><ele>21.114607</ele><time>2014-07-31T18:55:30+00:00</time></trkpt><trkpt lat="51.535847" lon="-0.065782"><ele>21.190758</ele><time>2014-07-31T18:55:31+00:00</time></trkpt><trkpt lat="51.535847" lon="-0.065727"><ele>21.069086</ele><time>2014-07-31T18:55:32+00:00</time></trkpt><trkpt lat="51.535847" lon="-0.065672"><ele>21.04389</ele><time>2014-07-31T18:55:33+00:00</time></trkpt><trkpt lat="51.53585" lon="-0.065613"><ele>20.916159</ele><time>2014-07-31T18:55:34+00:00</time></trkpt><trkpt lat="51.53585" lon="-0.065554"><ele>21.061316</ele><time>2014-07-31T18:55:35+00:00</time></trkpt><trkpt lat="51.53585" lon="-0.065494"><ele>21.155554</ele><time>2014-07-31T18:55:36+00:00</time></trkpt><trkpt lat="51.535847" lon="-0.065434"><ele>21.117085</ele><time>2014-07-31T18:55:37+00:00</time></trkpt><trkpt lat="51.535843" lon="-0.065375"><ele>21.075394</ele><time>2014-07-31T18:55:38+00:00</time></trkpt><trkpt lat="51.535843" lon="-0.065316"><ele>20.973722</ele><time>2014-07-31T18:55:39+00:00</time></trkpt><trkpt lat="51.535847" lon="-0.065259"><ele>20.927145</ele><time>2014-07-31T18:55:40+00:00</time></trkpt><trkpt lat="51.535843" lon="-0.065205"><ele>20.932165</ele><time>2014-07-31T18:55:41+00:00</time></trkpt><trkpt lat="51.535835" lon="-0.065154"><ele>20.85105</ele><time>2014-07-31T18:55:42+00:00</time></trkpt><trkpt lat="51.535824" lon="-0.065101"><ele>20.703426</ele><time>2014-07-31T18:55:43+00:00</time></trkpt><trkpt lat="51.535812" lon="-0.065043"><ele>20.659159</ele><time>2014-07-31T18:55:44+00:00</time></trkpt><trkpt lat="51.535812" lon="-0.064984"><ele>20.61304</ele><time>2014-07-31T18:55:45+00:00</time></trkpt><trkpt lat="51.535812" lon="-0.064925"><ele>20.65493</ele><time>2014-07-31T18:55:46+00:00</time></trkpt><trkpt lat="51.53582" lon="-0.064866"><ele>20.634779</ele><time>2014-07-31T18:55:47+00:00</time></trkpt><trkpt lat="51.535828" lon="-0.064808"><ele>20.577978</ele><time>2014-07-31T18:55:48+00:00</time></trkpt><trkpt lat="51.53583" lon="-0.06475"><ele>20.520123</ele><time>2014-07-31T18:55:49+00:00</time></trkpt><trkpt lat="51.53583" lon="-0.064691"><ele>20.461414</ele><time>2014-07-31T18:55:50+00:00</time></trkpt><trkpt lat="51.535824" lon="-0.064633"><ele>20.448374</ele><time>2014-07-31T18:55:51+00:00</time></trkpt><trkpt lat="51.535812" lon="-0.064574"><ele>20.42103</ele><time>2014-07-31T18:55:52+00:00</time></trkpt><trkpt lat="51.535805" lon="-0.064515"><ele>20.37401</ele><time>2014-07-31T18:55:53+00:00</time></trkpt><trkpt lat="51.535797" lon="-0.064455"><ele>20.322065</ele><time>2014-07-31T18:55:54+00:00</time></trkpt><trkpt lat="51.535793" lon="-0.064394"><ele>20.23999</ele><time>2014-07-31T18:55:55+00:00</time></trkpt><trkpt lat="51.535797" lon="-0.064335"><ele>20.165257</ele><time>2014-07-31T18:55:56+00:00</time></trkpt><trkpt lat="51.5358" lon="-0.064278"><ele>20.075602</ele><time>2014-07-31T18:55:57+00:00</time></trkpt><trkpt lat="51.53581" lon="-0.064223"><ele>20.01064</ele><time>2014-07-31T18:55:58+00:00</time></trkpt><trkpt lat="51.535816" lon="-0.064168"><ele>19.929516</ele><time>2014-07-31T18:55:59+00:00</time></trkpt><trkpt lat="51.535824" lon="-0.064113"><ele>19.802317</ele><time>2014-07-31T18:56:00+00:00</time></trkpt><trkpt lat="51.53583" lon="-0.064057"><ele>19.657873</ele><time>2014-07-31T18:56:01+00:00</time></trkpt><trkpt lat="51.535835" lon="-0.064"><ele>19.52898</ele><time>2014-07-31T18:56:02+00:00</time></trkpt><trkpt lat="51.53584" lon="-0.063943"><ele>19.420977</ele><time>2014-07-31T18:56:03+00:00</time></trkpt><trkpt lat="51.53584" lon="-0.063888"><ele>19.314112</ele><time>2014-07-31T18:56:04+00:00</time></trkpt><trkpt lat="51.535835" lon="-0.063835"><ele>19.19177</ele><time>2014-07-31T18:56:05+00:00</time></trkpt><trkpt lat="51.535828" lon="-0.063782"><ele>19.077429</ele><time>2014-07-31T18:56:06+00:00</time></trkpt><trkpt lat="51.53582" lon="-0.063727"><ele>18.963476</ele><time>2014-07-31T18:56:07+00:00</time></trkpt><trkpt lat="51.535816" lon="-0.063668"><ele>18.831398</ele><time>2014-07-31T18:56:08+00:00</time></trkpt><trkpt lat="51.535812" lon="-0.063605"><ele>18.687117</ele><time>2014-07-31T18:56:09+00:00</time></trkpt><trkpt lat="51.535816" lon="-0.06354"><ele>18.532232</ele><time>2014-07-31T18:56:10+00:00</time></trkpt><trkpt lat="51.53582" lon="-0.063475"><ele>18.368067</ele><time>2014-07-31T18:56:11+00:00</time></trkpt><trkpt lat="51.535828" lon="-0.063411"><ele>18.19786</ele><time>2014-07-31T18:56:12+00:00</time></trkpt><trkpt lat="51.53584" lon="-0.063349"><ele>18.048193</ele><time>2014-07-31T18:56:13+00:00</time></trkpt><trkpt lat="51.53585" lon="-0.063289"><ele>18.042065</ele><time>2014-07-31T18:56:14+00:00</time></trkpt><trkpt lat="51.535866" lon="-0.063231"><ele>18.073305</ele><time>2014-07-31T18:56:15+00:00</time></trkpt><trkpt lat="51.535873" lon="-0.063173"><ele>18.097343</ele><time>2014-07-31T18:56:16+00:00</time></trkpt><trkpt lat="51.53588" lon="-0.063116"><ele>18.116577</ele><time>2014-07-31T18:56:17+00:00</time></trkpt><trkpt lat="51.535885" lon="-0.063058"><ele>18.123808</ele><time>2014-07-31T18:56:18+00:00</time></trkpt><trkpt lat="51.53588" lon="-0.062999"><ele>18.11421</ele><time>2014-07-31T18:56:19+00:00</time></trkpt><trkpt lat="51.535873" lon="-0.062939"><ele>18.097414</ele><time>2014-07-31T18:56:20+00:00</time></trkpt><trkpt lat="51.535866" lon="-0.062882"><ele>18.078186</ele><time>2014-07-31T18:56:21+00:00</time></trkpt><trkpt lat="51.53586" lon="-0.062826"><ele>18.061258</ele><time>2014-07-31T18:56:22+00:00</time></trkpt><trkpt lat="51.535847" lon="-0.062774"><ele>18.034182</ele><time>2014-07-31T18:56:23+00:00</time></trkpt><trkpt lat="51.53583" lon="-0.062726"><ele>18.00204</ele><time>2014-07-31T18:56:24+00:00</time></trkpt><trkpt lat="51.535812" lon="-0.062677"><ele>18.046076</ele><time>2014-07-31T18:56:25+00:00</time></trkpt><trkpt lat="51.53579" lon="-0.06262"><ele>18.100985</ele><time>2014-07-31T18:56:26+00:00</time></trkpt><trkpt lat="51.535767" lon="-0.062564"><ele>18.151106</ele><time>2014-07-31T18:56:27+00:00</time></trkpt><trkpt lat="51.53575" lon="-0.062513"><ele>18.194933</ele><time>2014-07-31T18:56:28+00:00</time></trkpt><trkpt lat="51.535736" lon="-0.062464"><ele>18.225803</ele><time>2014-07-31T18:56:29+00:00</time></trkpt><trkpt lat="51.535725" lon="-0.062416"><ele>18.241821</ele><time>2014-07-31T18:56:30+00:00</time></trkpt><trkpt lat="51.535717" lon="-0.062368"><ele>18.250793</ele><time>2014-07-31T18:56:31+00:00</time></trkpt><trkpt lat="51.53571" lon="-0.062316"><ele>18.257324</ele><time>2014-07-31T18:56:32+00:00</time></trkpt><trkpt lat="51.535698" lon="-0.062258"><ele>18.269297</ele><time>2014-07-31T18:56:33+00:00</time></trkpt><trkpt lat="51.535683" lon="-0.062198"><ele>18.2858</ele><time>2014-07-31T18:56:34+00:00</time></trkpt><trkpt lat="51.53567" lon="-0.062139"><ele>18.295599</ele><time>2014-07-31T18:56:35+00:00</time></trkpt><trkpt lat="51.53566" lon="-0.062084"><ele>18.3065</ele><time>2014-07-31T18:56:36+00:00</time></trkpt><trkpt lat="51.53565" lon="-0.062029"><ele>18.312521</ele><time>2014-07-31T18:56:37+00:00</time></trkpt><trkpt lat="51.53564" lon="-0.061973"><ele>18.31478</ele><time>2014-07-31T18:56:38+00:00</time></trkpt><trkpt lat="51.53563" lon="-0.061914"><ele>18.312895</ele><time>2014-07-31T18:56:39+00:00</time></trkpt><trkpt lat="51.535618" lon="-0.061855"><ele>18.31526</ele><time>2014-07-31T18:56:40+00:00</time></trkpt><trkpt lat="51.5356" lon="-0.0618"><ele>18.322634</ele><time>2014-07-31T18:56:41+00:00</time></trkpt><trkpt lat="51.535583" lon="-0.061743"><ele>18.325657</ele><time>2014-07-31T18:56:42+00:00</time></trkpt><trkpt lat="51.53557" lon="-0.061686"><ele>18.32223</ele><time>2014-07-31T18:56:43+00:00</time></trkpt><trkpt lat="51.535553" lon="-0.06163"><ele>18.419859</ele><time>2014-07-31T18:56:44+00:00</time></trkpt><trkpt lat="51.535538" lon="-0.061578"><ele>18.563868</ele><time>2014-07-31T18:56:45+00:00</time></trkpt><trkpt lat="51.535515" lon="-0.061528"><ele>18.707453</ele><time>2014-07-31T18:56:46+00:00</time></trkpt><trkpt lat="51.535492" lon="-0.061478"><ele>18.854076</ele><time>2014-07-31T18:56:47+00:00</time></trkpt><trkpt lat="51.535465" lon="-0.061431"><ele>18.993881</ele><time>2014-07-31T18:56:48+00:00</time></trkpt><trkpt lat="51.53544" lon="-0.061385"><ele>19.139704</ele><time>2014-07-31T18:56:49+00:00</time></trkpt><trkpt lat="51.535408" lon="-0.061342"><ele>19.280472</ele><time>2014-07-31T18:56:50+00:00</time></trkpt><trkpt lat="51.535378" lon="-0.061303"><ele>19.41269</ele><time>2014-07-31T18:56:51+00:00</time></trkpt><trkpt lat="51.535343" lon="-0.061267"><ele>19.536467</ele><time>2014-07-31T18:56:52+00:00</time></trkpt><trkpt lat="51.535313" lon="-0.061235"><ele>19.653238</ele><time>2014-07-31T18:56:53+00:00</time></trkpt><trkpt lat="51.53528" lon="-0.061206"><ele>19.762665</ele><time>2014-07-31T18:56:54+00:00</time></trkpt><trkpt lat="51.535244" lon="-0.061178"><ele>19.869604</ele><time>2014-07-31T18:56:55+00:00</time></trkpt><trkpt lat="51.535213" lon="-0.06115"><ele>19.974049</ele><time>2014-07-31T18:56:56+00:00</time></trkpt><trkpt lat="51.53518" lon="-0.06112"><ele>20.083105</ele><time>2014-07-31T18:56:57+00:00</time></trkpt><trkpt lat="51.53515" lon="-0.061087"><ele>20.196737</ele><time>2014-07-31T18:56:58+00:00</time></trkpt><trkpt lat="51.535122" lon="-0.061049"><ele>20.322035</ele><time>2014-07-31T18:56:59+00:00</time></trkpt><trkpt lat="51.535095" lon="-0.06101"><ele>20.45049</ele><time>2014-07-31T18:57:00+00:00</time></trkpt><trkpt lat="51.53507" lon="-0.06097"><ele>20.579248</ele><time>2014-07-31T18:57:01+00:00</time></trkpt><trkpt lat="51.535038" lon="-0.060934"><ele>20.702059</ele><time>2014-07-31T18:57:02+00:00</time></trkpt><trkpt lat="51.535007" lon="-0.0609"><ele>20.824108</ele><time>2014-07-31T18:57:03+00:00</time></trkpt><trkpt lat="51.534977" lon="-0.060868"><ele>20.884577</ele><time>2014-07-31T18:57:04+00:00</time></trkpt><trkpt lat="51.534946" lon="-0.060837"><ele>20.923075</ele><time>2014-07-31T18:57:05+00:00</time></trkpt><trkpt lat="51.53492" lon="-0.060808"><ele>20.95338</ele><time>2014-07-31T18:57:06+00:00</time></trkpt><trkpt lat="51.53489" lon="-0.060778"><ele>20.986917</ele><time>2014-07-31T18:57:07+00:00</time></trkpt><trkpt lat="51.534863" lon="-0.060749"><ele>21.014784</ele><time>2014-07-31T18:57:08+00:00</time></trkpt><trkpt lat="51.534836" lon="-0.060719"><ele>21.042963</ele><time>2014-07-31T18:57:09+00:00</time></trkpt><trkpt lat="51.5348" lon="-0.060689"><ele>21.065414</ele><time>2014-07-31T18:57:10+00:00</time></trkpt><trkpt lat="51.53477" lon="-0.060659"><ele>21.082457</ele><time>2014-07-31T18:57:11+00:00</time></trkpt><trkpt lat="51.53474" lon="-0.06063"><ele>21.09424</ele><time>2014-07-31T18:57:12+00:00</time></trkpt><trkpt lat="51.53471" lon="-0.060605"><ele>21.093296</ele><time>2014-07-31T18:57:13+00:00</time></trkpt><trkpt lat="51.53468" lon="-0.060579"><ele>21.090174</ele><time>2014-07-31T18:57:14+00:00</time></trkpt><trkpt lat="51.53465" lon="-0.06055"><ele>21.096771</ele><time>2014-07-31T18:57:15+00:00</time></trkpt><trkpt lat="51.53462" lon="-0.060515"><ele>21.111338</ele><time>2014-07-31T18:57:16+00:00</time></trkpt><trkpt lat="51.53459" lon="-0.060474"><ele>21.14026</ele><time>2014-07-31T18:57:17+00:00</time></trkpt><trkpt lat="51.53457" lon="-0.060428"><ele>21.174053</ele><time>2014-07-31T18:57:18+00:00</time></trkpt><trkpt lat="51.534546" lon="-0.060378"><ele>21.218945</ele><time>2014-07-31T18:57:19+00:00</time></trkpt><trkpt lat="51.534523" lon="-0.060327"><ele>21.243448</ele><time>2014-07-31T18:57:20+00:00</time></trkpt><trkpt lat="51.5345" lon="-0.060278"><ele>21.200876</ele><time>2014-07-31T18:57:21+00:00</time></trkpt><trkpt lat="51.534477" lon="-0.060235"><ele>21.224285</ele><time>2014-07-31T18:57:22+00:00</time></trkpt><trkpt lat="51.53446" lon="-0.060192"><ele>21.197123</ele><time>2014-07-31T18:57:23+00:00</time></trkpt><trkpt lat="51.534435" lon="-0.060147"><ele>21.00704</ele><time>2014-07-31T18:57:24+00:00</time></trkpt><trkpt lat="51.534416" lon="-0.060096"><ele>20.965294</ele><time>2014-07-31T18:57:25+00:00</time></trkpt><trkpt lat="51.534397" lon="-0.060043"><ele>20.91242</ele><time>2014-07-31T18:57:26+00:00</time></trkpt><trkpt lat="51.534378" lon="-0.059993"><ele>20.639671</ele><time>2014-07-31T18:57:27+00:00</time></trkpt><trkpt lat="51.53436" lon="-0.059948"><ele>20.12378</ele><time>2014-07-31T18:57:28+00:00</time></trkpt><trkpt lat="51.534336" lon="-0.05991"><ele>19.974174</ele><time>2014-07-31T18:57:29+00:00</time></trkpt><trkpt lat="51.534317" lon="-0.059875"><ele>19.970255</ele><time>2014-07-31T18:57:30+00:00</time></trkpt><trkpt lat="51.5343" lon="-0.059843"><ele>20.106155</ele><time>2014-07-31T18:57:31+00:00</time></trkpt><trkpt lat="51.53429" lon="-0.059811"><ele>20.101622</ele><time>2014-07-31T18:57:32+00:00</time></trkpt><trkpt lat="51.534283" lon="-0.059779"><ele>20.098038</ele><time>2014-07-31T18:57:33+00:00</time></trkpt><trkpt lat="51.53427" lon="-0.059754"><ele>20.093441</ele><time>2014-07-31T18:57:34+00:00</time></trkpt><trkpt lat="51.534252" lon="-0.059751"><ele>19.952333</ele><time>2014-07-31T18:57:35+00:00</time></trkpt><trkpt lat="51.534245" lon="-0.059796"><ele>19.19</ele><time>2014-07-31T18:57:36+00:00</time></trkpt><trkpt lat="51.53425" lon="-0.05986"><ele>18.872774</ele><time>2014-07-31T18:57:37+00:00</time></trkpt><trkpt lat="51.53426" lon="-0.059909"><ele>18.720875</ele><time>2014-07-31T18:57:38+00:00</time></trkpt><trkpt lat="51.534275" lon="-0.05996"><ele>18.723286</ele><time>2014-07-31T18:57:39+00:00</time></trkpt><trkpt lat="51.53429" lon="-0.060016"><ele>19.031239</ele><time>2014-07-31T18:57:40+00:00</time></trkpt><trkpt lat="51.53431" lon="-0.060073"><ele>19.19001</ele><time>2014-07-31T18:57:41+00:00</time></trkpt><trkpt lat="51.53433" lon="-0.060127"><ele>19.349749</ele><time>2014-07-31T18:57:42+00:00</time></trkpt><trkpt lat="51.534348" lon="-0.060179"><ele>19.659927</ele><time>2014-07-31T18:57:43+00:00</time></trkpt><trkpt lat="51.534367" lon="-0.06023"><ele>20.070839</ele><time>2014-07-31T18:57:44+00:00</time></trkpt><trkpt lat="51.53438" lon="-0.060278"><ele>20.062866</ele><time>2014-07-31T18:57:45+00:00</time></trkpt><trkpt lat="51.5344" lon="-0.060326"><ele>19.793983</ele><time>2014-07-31T18:57:46+00:00</time></trkpt><trkpt lat="51.534416" lon="-0.060374"><ele>20.156279</ele><time>2014-07-31T18:57:47+00:00</time></trkpt><trkpt lat="51.534435" lon="-0.060421"><ele>20.244198</ele><time>2014-07-31T18:57:48+00:00</time></trkpt><trkpt lat="51.53446" lon="-0.06047"><ele>20.528843</ele><time>2014-07-31T18:57:49+00:00</time></trkpt><trkpt lat="51.53448" lon="-0.060519"><ele>20.556896</ele><time>2014-07-31T18:57:50+00:00</time></trkpt><trkpt lat="51.534508" lon="-0.060568"><ele>20.613876</ele><time>2014-07-31T18:57:51+00:00</time></trkpt><trkpt lat="51.534534" lon="-0.060613"><ele>20.58431</ele><time>2014-07-31T18:57:52+00:00</time></trkpt><trkpt lat="51.534557" lon="-0.060654"><ele>20.520454</ele><time>2014-07-31T18:57:53+00:00</time></trkpt><trkpt lat="51.53458" lon="-0.060692"><ele>20.453959</ele><time>2014-07-31T18:57:54+00:00</time></trkpt><trkpt lat="51.534607" lon="-0.060729"><ele>20.431103</ele><time>2014-07-31T18:57:55+00:00</time></trkpt><trkpt lat="51.534634" lon="-0.060766"><ele>20.361197</ele><time>2014-07-31T18:57:56+00:00</time></trkpt><trkpt lat="51.53466" lon="-0.060804"><ele>20.285027</ele><time>2014-07-31T18:57:57+00:00</time></trkpt><trkpt lat="51.53469" lon="-0.060842"><ele>20.349306</ele><time>2014-07-31T18:57:58+00:00</time></trkpt><trkpt lat="51.53472" lon="-0.06088"><ele>20.38548</ele><time>2014-07-31T18:57:59+00:00</time></trkpt><trkpt lat="51.53475" lon="-0.060916"><ele>20.37932</ele><time>2014-07-31T18:58:00+00:00</time></trkpt><trkpt lat="51.534782" lon="-0.060948"><ele>20.372265</ele><time>2014-07-31T18:58:01+00:00</time></trkpt><trkpt lat="51.534813" lon="-0.060979"><ele>20.342396</ele><time>2014-07-31T18:58:02+00:00</time></trkpt><trkpt lat="51.534847" lon="-0.061008"><ele>20.331938</ele><time>2014-07-31T18:58:03+00:00</time></trkpt><trkpt lat="51.534878" lon="-0.061037"><ele>20.315538</ele><time>2014-07-31T18:58:04+00:00</time></trkpt><trkpt lat="51.53491" lon="-0.061065"><ele>20.283014</ele><time>2014-07-31T18:58:05+00:00</time></trkpt><trkpt lat="51.534943" lon="-0.061095"><ele>20.24458</ele><time>2014-07-31T18:58:06+00:00</time></trkpt><trkpt lat="51.534973" lon="-0.061127"><ele>20.18633</ele><time>2014-07-31T18:58:07+00:00</time></trkpt><trkpt lat="51.535004" lon="-0.06116"><ele>20.113491</ele><time>2014-07-31T18:58:08+00:00</time></trkpt><trkpt lat="51.535034" lon="-0.061194"><ele>20.00527</ele><time>2014-07-31T18:58:09+00:00</time></trkpt><trkpt lat="51.53507" lon="-0.061228"><ele>19.82875</ele><time>2014-07-31T18:58:10+00:00</time></trkpt><trkpt lat="51.5351" lon="-0.061263"><ele>19.771746</ele><time>2014-07-31T18:58:11+00:00</time></trkpt><trkpt lat="51.53513" lon="-0.061298"><ele>19.669727</ele><time>2014-07-31T18:58:12+00:00</time></trkpt><trkpt lat="51.535156" lon="-0.061332"><ele>19.550684</ele><time>2014-07-31T18:58:13+00:00</time></trkpt><trkpt lat="51.535187" lon="-0.061366"><ele>19.430405</ele><time>2014-07-31T18:58:14+00:00</time></trkpt><trkpt lat="51.535217" lon="-0.061398"><ele>19.315607</ele><time>2014-07-31T18:58:15+00:00</time></trkpt><trkpt lat="51.535248" lon="-0.061429"><ele>19.201773</ele><time>2014-07-31T18:58:16+00:00</time></trkpt><trkpt lat="51.535275" lon="-0.061462"><ele>19.120949</ele><time>2014-07-31T18:58:17+00:00</time></trkpt><trkpt lat="51.5353" lon="-0.061498"><ele>18.999323</ele><time>2014-07-31T18:58:18+00:00</time></trkpt><trkpt lat="51.53533" lon="-0.061537"><ele>18.871891</ele><time>2014-07-31T18:58:19+00:00</time></trkpt><trkpt lat="51.535355" lon="-0.061579"><ele>18.738674</ele><time>2014-07-31T18:58:20+00:00</time></trkpt><trkpt lat="51.53538" lon="-0.061621"><ele>18.606571</ele><time>2014-07-31T18:58:21+00:00</time></trkpt><trkpt lat="51.535404" lon="-0.061666"><ele>18.4826</ele><time>2014-07-31T18:58:22+00:00</time></trkpt><trkpt lat="51.535427" lon="-0.061714"><ele>18.469627</ele><time>2014-07-31T18:58:23+00:00</time></trkpt><trkpt lat="51.535446" lon="-0.061765"><ele>18.455097</ele><time>2014-07-31T18:58:24+00:00</time></trkpt><trkpt lat="51.53546" lon="-0.061818"><ele>18.44916</ele><time>2014-07-31T18:58:25+00:00</time></trkpt><trkpt lat="51.535477" lon="-0.061871"><ele>18.41027</ele><time>2014-07-31T18:58:26+00:00</time></trkpt><trkpt lat="51.53549" lon="-0.061922"><ele>18.373606</ele><time>2014-07-31T18:58:27+00:00</time></trkpt><trkpt lat="51.5355" lon="-0.061973"><ele>18.353197</ele><time>2014-07-31T18:58:28+00:00</time></trkpt><trkpt lat="51.535507" lon="-0.062027"><ele>18.326569</ele><time>2014-07-31T18:58:29+00:00</time></trkpt><trkpt lat="51.535522" lon="-0.062083"><ele>18.197767</ele><time>2014-07-31T18:58:30+00:00</time></trkpt><trkpt lat="51.535538" lon="-0.062141"><ele>18.142607</ele><time>2014-07-31T18:58:31+00:00</time></trkpt><trkpt lat="51.535545" lon="-0.062198"><ele>18.011522</ele><time>2014-07-31T18:58:32+00:00</time></trkpt><trkpt lat="51.535545" lon="-0.062251"><ele>17.938576</ele><time>2014-07-31T18:58:33+00:00</time></trkpt><trkpt lat="51.535545" lon="-0.062301"><ele>17.9489</ele><time>2014-07-31T18:58:34+00:00</time></trkpt><trkpt lat="51.535545" lon="-0.062348"><ele>17.862564</ele><time>2014-07-31T18:58:35+00:00</time></trkpt><trkpt lat="51.535553" lon="-0.062393"><ele>17.758955</ele><time>2014-07-31T18:58:36+00:00</time></trkpt><trkpt lat="51.535564" lon="-0.062438"><ele>17.520487</ele><time>2014-07-31T18:58:37+00:00</time></trkpt><trkpt lat="51.535576" lon="-0.062485"><ele>17.64189</ele><time>2014-07-31T18:58:38+00:00</time></trkpt><trkpt lat="51.53558" lon="-0.062534"><ele>17.518515</ele><time>2014-07-31T18:58:39+00:00</time></trkpt><trkpt lat="51.535583" lon="-0.062587"><ele>17.749523</ele><time>2014-07-31T18:58:40+00:00</time></trkpt><trkpt lat="51.53559" lon="-0.062643"><ele>18.015793</ele><time>2014-07-31T18:58:41+00:00</time></trkpt><trkpt lat="51.535606" lon="-0.062696"><ele>18.185867</ele><time>2014-07-31T18:58:42+00:00</time></trkpt><trkpt lat="51.535625" lon="-0.06274"><ele>18.204874</ele><time>2014-07-31T18:58:43+00:00</time></trkpt><trkpt lat="51.535645" lon="-0.062771"><ele>18.300068</ele><time>2014-07-31T18:58:44+00:00</time></trkpt><trkpt lat="51.53566" lon="-0.062799"><ele>18.14124</ele><time>2014-07-31T18:58:45+00:00</time></trkpt><trkpt lat="51.535675" lon="-0.062832"><ele>18.214468</ele><time>2014-07-31T18:58:46+00:00</time></trkpt><trkpt lat="51.535686" lon="-0.062873"><ele>18.29425</ele><time>2014-07-31T18:58:47+00:00</time></trkpt><trkpt lat="51.5357" lon="-0.062918"><ele>18.274433</ele><time>2014-07-31T18:58:48+00:00</time></trkpt><trkpt lat="51.535713" lon="-0.062964"><ele>18.25218</ele><time>2014-07-31T18:58:49+00:00</time></trkpt><trkpt lat="51.53572" lon="-0.063005"><ele>18.240503</ele><time>2014-07-31T18:58:50+00:00</time></trkpt><trkpt lat="51.535725" lon="-0.063045"><ele>18.238363</ele><time>2014-07-31T18:58:51+00:00</time></trkpt><trkpt lat="51.53573" lon="-0.063087"><ele>18.239416</ele><time>2014-07-31T18:58:52+00:00</time></trkpt><trkpt lat="51.535736" lon="-0.063131"><ele>18.226387</ele><time>2014-07-31T18:58:53+00:00</time></trkpt><trkpt lat="51.535744" lon="-0.063179"><ele>18.21209</ele><time>2014-07-31T18:58:54+00:00</time></trkpt><trkpt lat="51.53575" lon="-0.063229"><ele>18.194056</ele><time>2014-07-31T18:58:55+00:00</time></trkpt><trkpt lat="51.53576" lon="-0.06328"><ele>18.175829</ele><time>2014-07-31T18:58:56+00:00</time></trkpt><trkpt lat="51.535767" lon="-0.063331"><ele>18.159111</ele><time>2014-07-31T18:58:57+00:00</time></trkpt><trkpt lat="51.53577" lon="-0.06338"><ele>18.252045</ele><time>2014-07-31T18:58:58+00:00</time></trkpt><trkpt lat="51.535774" lon="-0.063428"><ele>18.352678</ele><time>2014-07-31T18:58:59+00:00</time></trkpt><trkpt lat="51.535778" lon="-0.063477"><ele>18.458338</ele><time>2014-07-31T18:59:00+00:00</time></trkpt><trkpt lat="51.53578" lon="-0.063528"><ele>18.569723</ele><time>2014-07-31T18:59:01+00:00</time></trkpt><trkpt lat="51.53578" lon="-0.063586"><ele>18.701708</ele><time>2014-07-31T18:59:02+00:00</time></trkpt><trkpt lat="51.535786" lon="-0.063645"><ele>18.836042</ele><time>2014-07-31T18:59:03+00:00</time></trkpt><trkpt lat="51.53578" lon="-0.063704"><ele>18.972458</ele><time>2014-07-31T18:59:04+00:00</time></trkpt><trkpt lat="51.53578" lon="-0.063763"><ele>19.113554</ele><time>2014-07-31T18:59:05+00:00</time></trkpt><trkpt lat="51.535778" lon="-0.063824"><ele>19.258722</ele><time>2014-07-31T18:59:06+00:00</time></trkpt><trkpt lat="51.535774" lon="-0.063887"><ele>19.406717</ele><time>2014-07-31T18:59:07+00:00</time></trkpt><trkpt lat="51.53577" lon="-0.063949"><ele>19.534355</ele><time>2014-07-31T18:59:08+00:00</time></trkpt><trkpt lat="51.53577" lon="-0.064006"><ele>19.665699</ele><time>2014-07-31T18:59:09+00:00</time></trkpt><trkpt lat="51.535778" lon="-0.064055"><ele>19.758562</ele><time>2014-07-31T18:59:10+00:00</time></trkpt><trkpt lat="51.53579" lon="-0.064097"><ele>19.85292</ele><time>2014-07-31T18:59:11+00:00</time></trkpt><trkpt lat="51.5358" lon="-0.064136"><ele>19.93209</ele><time>2014-07-31T18:59:12+00:00</time></trkpt><trkpt lat="51.535812" lon="-0.064175"><ele>20.013548</ele><time>2014-07-31T18:59:13+00:00</time></trkpt><trkpt lat="51.535816" lon="-0.064217"><ele>20.059475</ele><time>2014-07-31T18:59:14+00:00</time></trkpt><trkpt lat="51.535816" lon="-0.064265"><ele>20.120602</ele><time>2014-07-31T18:59:15+00:00</time></trkpt><trkpt lat="51.535812" lon="-0.064317"><ele>20.184584</ele><time>2014-07-31T18:59:16+00:00</time></trkpt><trkpt lat="51.535805" lon="-0.064371"><ele>20.256882</ele><time>2014-07-31T18:59:17+00:00</time></trkpt><trkpt lat="51.5358" lon="-0.064427"><ele>20.328897</ele><time>2014-07-31T18:59:18+00:00</time></trkpt><trkpt lat="51.535797" lon="-0.064483"><ele>20.393139</ele><time>2014-07-31T18:59:19+00:00</time></trkpt><trkpt lat="51.535793" lon="-0.06454"><ele>20.457378</ele><time>2014-07-31T18:59:20+00:00</time></trkpt><trkpt lat="51.535793" lon="-0.064597"><ele>20.526794</ele><time>2014-07-31T18:59:21+00:00</time></trkpt><trkpt lat="51.535793" lon="-0.064654"><ele>20.59358</ele><time>2014-07-31T18:59:22+00:00</time></trkpt><trkpt lat="51.535793" lon="-0.064711"><ele>20.658323</ele><time>2014-07-31T18:59:23+00:00</time></trkpt><trkpt lat="51.53579" lon="-0.064768"><ele>20.724752</ele><time>2014-07-31T18:59:24+00:00</time></trkpt><trkpt lat="51.53579" lon="-0.064824"><ele>20.788067</ele><time>2014-07-31T18:59:25+00:00</time></trkpt></trkseg></trk></gpx>